"gene_id","baseMean","log2FoldChange","lfcSE","stat","pvalue","padj","gene_name","gene_chr","gene_biotype","gene_description"
"ENSMUSG00000029380",6463.90613824042,-3.51561253211257,0.0825091996454588,-42.6087339014209,0,0,"Cxcl1","5","protein_coding","chemokine (C-X-C motif) ligand 1 [Source:MGI Symbol;Acc:MGI:108068]"
"ENSMUSG00000058427",5902.63402285786,-3.54755112905682,0.0695139681233879,-51.0336443858289,0,0,"Cxcl2","5","protein_coding","chemokine (C-X-C motif) ligand 2 [Source:MGI Symbol;Acc:MGI:1340094]"
"ENSMUSG00000035385",10804.9316882593,-2.37866298889423,0.0635310489181122,-37.4409525641579,8.43079066102859e-307,4.14260950447408e-303,"Ccl2","11","protein_coding","chemokine (C-C motif) ligand 2 [Source:MGI Symbol;Acc:MGI:98259]"
"ENSMUSG00000034855",972.357457717147,-4.16367508977853,0.116864939301682,-35.6280944024638,5.1468680122188e-278,1.89674953420293e-274,"Cxcl10","5","protein_coding","chemokine (C-X-C motif) ligand 10 [Source:MGI Symbol;Acc:MGI:1352450]"
"ENSMUSG00000057346",927.565965218439,-3.80722169417076,0.11779058850776,-32.3219515447107,3.4391267072854e-229,1.01392333584188e-225,"Apol9a","15","protein_coding","apolipoprotein L 9a [Source:MGI Symbol;Acc:MGI:3606001]"
"ENSMUSG00000038393",2601.66559208499,-2.32125303978689,0.0734494549603649,-31.6034072824569,3.3148236019637e-219,8.14396911942448e-216,"Txnip","3","protein_coding","thioredoxin interacting protein [Source:MGI Symbol;Acc:MGI:1889549]"
"ENSMUSG00000035373",1620.83561613197,-2.84846567359541,0.0905672230583601,-31.4513968454118,4.01701978563569e-217,8.45926980857939e-214,"Ccl7","11","protein_coding","chemokine (C-C motif) ligand 7 [Source:MGI Symbol;Acc:MGI:99512]"
"ENSMUSG00000019850",882.534090745625,-3.19772474985964,0.109510200766034,-29.2002455249946,1.92534499602532e-187,3.54768882330116e-184,"Tnfaip3","10","protein_coding","tumor necrosis factor, alpha-induced protein 3 [Source:MGI Symbol;Acc:MGI:1196377]"
"ENSMUSG00000029379",8563.1485436852,-1.74784579439862,0.0609010835937711,-28.699748695069,3.84288783975855e-181,6.29422329398676e-178,"Cxcl3","5","protein_coding","chemokine (C-X-C motif) ligand 3 [Source:MGI Symbol;Acc:MGI:3037818]"
"ENSMUSG00000018916",1152.38325244039,-7.66830081472222,0.269107559774299,-28.4953006194016,1.33951758366386e-178,1.9745828700789e-175,"Csf2","11","protein_coding","colony stimulating factor 2 (granulocyte-macrophage) [Source:MGI Symbol;Acc:MGI:1339752]"
"ENSMUSG00000052837",4820.39923340549,-1.70120878854402,0.0603086663990902,-28.208363575582,4.61744161294748e-175,6.18779152876898e-172,"Junb","8","protein_coding","jun B proto-oncogene [Source:MGI Symbol;Acc:MGI:96647]"
"ENSMUSG00000068246",969.548241355562,-3.06758425126766,0.110946847869656,-27.6491338886128,2.85851893047165e-168,3.51145229617355e-165,"Apol9b","15","protein_coding","apolipoprotein L 9b [Source:MGI Symbol;Acc:MGI:1919148]"
"ENSMUSG00000064215",1623.11187040128,-2.15137465452307,0.08514284292423,-25.267827343252,7.21430110192226e-141,8.18046250334123e-138,"Ifi27","12","protein_coding","interferon, alpha-inducible protein 27 [Source:MGI Symbol;Acc:MGI:1277180]"
"ENSMUSG00000038067",609.944512125165,-3.79196920705107,0.150370445554808,-25.21751660082,2.57395768972403e-140,2.71019359315871e-137,"Csf3","11","protein_coding","colony stimulating factor 3 (granulocyte) [Source:MGI Symbol;Acc:MGI:1339751]"
"ENSMUSG00000002325",606.287637962402,-3.07366934815491,0.122266277265581,-25.1391423448546,1.85761878136597e-139,1.82554389707439e-136,"Irf9","14","protein_coding","interferon regulatory factor 9 [Source:MGI Symbol;Acc:MGI:107587]"
"ENSMUSG00000020641",428.957906274381,-5.50949575635115,0.226688001478359,-24.3043113019686,1.76501157482983e-130,1.6261272265354e-127,"Rsad2","12","protein_coding","radical S-adenosyl methionine domain containing 2 [Source:MGI Symbol;Acc:MGI:1929628]"
"ENSMUSG00000028195",1733.28572462176,-1.94948406396531,0.0802381677507078,-24.2962186028745,2.14930361838249e-130,1.86369909638684e-127,"Cyr61","3","protein_coding","cysteine rich protein 61 [Source:MGI Symbol;Acc:MGI:88613]"
"ENSMUSG00000026819",951.476023614903,-2.32927029872687,0.0963983740846183,-24.162962506839,5.4563529280886e-129,4.46844991738634e-126,"Slc25a25","2","protein_coding","solute carrier family 25 (mitochondrial carrier, phosphate carrier), member 25 [Source:MGI Symbol;Acc:MGI:1915913]"
"ENSMUSG00000024164",1190.36653651214,-2.02744896676138,0.0856094990409555,-23.6825234287547,5.45913166929313e-124,4.23542420721316e-121,"C3","17","protein_coding","complement component 3 [Source:MGI Symbol;Acc:MGI:88227]"
"ENSMUSG00000073489",501.4036546528,-2.79957546325669,0.128450923272904,-21.7949033913035,2.59339057644525e-105,1.91145852436897e-102,"Ifi204","1","protein_coding","interferon activated gene 204 [Source:MGI Symbol;Acc:MGI:96429]"
"ENSMUSG00000027962",467.822985465566,-2.91048713696087,0.135351526495554,-21.5031718689665,1.45402612035256e-102,1.02065709714843e-99,"Vcam1","3","protein_coding","vascular cell adhesion molecule 1 [Source:MGI Symbol;Acc:MGI:98926]"
"ENSMUSG00000032661",645.027695602069,-2.49102664048386,0.116535254284606,-21.3757343713363,2.24759330587536e-101,1.50598967826858e-98,"Oas3","5","protein_coding","2'-5' oligoadenylate synthetase 3 [Source:MGI Symbol;Acc:MGI:2180850]"
"ENSMUSG00000001627",9172.48026878695,-1.55246507111588,0.0727952483480583,-21.3264616351472,6.45067479490912e-101,4.13432161529371e-98,"Ifrd1","12","protein_coding","interferon-related developmental regulator 1 [Source:MGI Symbol;Acc:MGI:1316717]"
"ENSMUSG00000021701",6756.91122438437,-1.36320029018004,0.0642900868876742,-21.2038955953161,8.79098600675524e-100,5.39949686356579e-97,"Plk2","13","protein_coding","polo like kinase 2 [Source:MGI Symbol;Acc:MGI:1099790]"
"ENSMUSG00000035356",1626.22362312561,-1.66204661166361,0.0806378359325097,-20.6112501959337,2.17540051514781e-94,1.28270315975176e-91,"Nfkbiz","16","protein_coding","nuclear factor of kappa light polypeptide gene enhancer in B cells inhibitor, zeta [Source:MGI Symbol;Acc:MGI:1931595]"
"ENSMUSG00000026479",664.879792236072,-2.60620288864631,0.126903827191597,-20.5368344385037,1.00930374071309e-93,5.72236401609676e-91,"Lamc2","1","protein_coding","laminin, gamma 2 [Source:MGI Symbol;Acc:MGI:99913]"
"ENSMUSG00000072620",377.460262444057,-3.36395383583666,0.166328198238045,-20.2247957440281,5.92352275810929e-91,3.23402403619589e-88,"Slfn2","11","protein_coding","schlafen 2 [Source:MGI Symbol;Acc:MGI:1313258]"
"ENSMUSG00000026875",4124.8121713788,-1.29342077673771,0.0642168107167478,-20.1414670442421,3.19724322662637e-90,1.68323437156069e-87,"Traf1","2","protein_coding","TNF receptor-associated factor 1 [Source:MGI Symbol;Acc:MGI:101836]"
"ENSMUSG00000024843",4032.88220696453,-1.25048327487919,0.0624210075482965,-20.03305175604,2.83726532220945e-89,1.44221131429964e-86,"Chka","19","protein_coding","choline kinase alpha [Source:MGI Symbol;Acc:MGI:107760]"
"ENSMUSG00000040483",274.568841904854,-4.22345240748858,0.215432893262577,-19.6044918838875,1.415590336979e-85,6.95573905246916e-83,"Xaf1","11","protein_coding","XIAP associated factor 1 [Source:MGI Symbol;Acc:MGI:3772572]"
"ENSMUSG00000029727",767.093457380823,-2.31170226873428,0.117960214929371,-19.5973046515591,1.63033847616564e-85,7.75252241198636e-83,"Cyp3a13","5","protein_coding","cytochrome P450, family 3, subfamily a, polypeptide 13 [Source:MGI Symbol;Acc:MGI:88610]"
"ENSMUSG00000044786",621.614661831845,-2.37616135380001,0.121399399746101,-19.5730898074422,2.62287269689984e-85,1.20824270078126e-82,"Zfp36","7","protein_coding","zinc finger protein 36 [Source:MGI Symbol;Acc:MGI:99180]"
"ENSMUSG00000020638",291.188209205626,-3.39622317677149,0.174140734348249,-19.5027498275026,1.04035658295869e-84,4.64724133011941e-82,"Cmpk2","12","protein_coding","cytidine monophosphate (UMP-CMP) kinase 2, mitochondrial [Source:MGI Symbol;Acc:MGI:99830]"
"ENSMUSG00000021281",6158.00103156522,-1.27268859959221,0.0659292102492064,-19.3038653850329,4.98379085994674e-83,2.16076650195514e-80,"Tnfaip2","12","protein_coding","tumor necrosis factor, alpha-induced protein 2 [Source:MGI Symbol;Acc:MGI:104960]"
"ENSMUSG00000044162",314.989118862945,-3.46764127940825,0.181539011920322,-19.1013559164363,2.46014600642029e-81,1.03614320801833e-78,"Tnip3","6","protein_coding","TNFAIP3 interacting protein 3 [Source:MGI Symbol;Acc:MGI:3041165]"
"ENSMUSG00000021453",687.569651658093,-1.95558045667683,0.103485419764419,-18.8971592435788,1.20360915553675e-79,4.92844515604644e-77,"Gadd45g","13","protein_coding","growth arrest and DNA-damage-inducible 45 gamma [Source:MGI Symbol;Acc:MGI:1346325]"
"ENSMUSG00000033538",372.007572230414,-2.87503457726319,0.152208048124318,-18.8888472895663,1.40888690621055e-79,5.61308159039181e-77,"Casp4","9","protein_coding","caspase 4, apoptosis-related cysteine peptidase [Source:MGI Symbol;Acc:MGI:107700]"
"ENSMUSG00000024803",4485.24873447712,-1.1301865904844,0.0601286042783832,-18.7961554080296,8.11925861225575e-79,3.14963134745426e-76,"Ankrd1","19","protein_coding","ankyrin repeat domain 1 (cardiac muscle) [Source:MGI Symbol;Acc:MGI:1097717]"
"ENSMUSG00000025498",246.349701796288,-5.33377693226929,0.284782594045868,-18.7292940080819,2.856792114845e-78,1.07979416833154e-75,"Irf7","7","protein_coding","interferon regulatory factor 7 [Source:MGI Symbol;Acc:MGI:1859212]"
"ENSMUSG00000032487",7299.49445922744,-1.37435570558338,0.0734900888400195,-18.7012388646748,4.83678117259988e-78,1.78247478163237e-75,"Ptgs2","1","protein_coding","prostaglandin-endoperoxide synthase 2 [Source:MGI Symbol;Acc:MGI:97798]"
"ENSMUSG00000090946",972.464343693057,-1.6908136501362,0.0918157400704313,-18.4152918534358,9.90539876780423e-76,3.56135324966347e-73,"Ccdc71l","12","protein_coding","coiled-coil domain containing 71 like [Source:MGI Symbol;Acc:MGI:1919373]"
"ENSMUSG00000115149",1444.75126968898,-1.50867644556116,0.081952018753517,-18.409265183555,1.10714539307362e-75,3.88581672364245e-73,"9330188P03Rik","14","processed_transcript","RIKEN cDNA 9330188P03 gene [Source:MGI Symbol;Acc:MGI:2686435]"
"ENSMUSG00000030107",320.720237606822,-6.69162698544621,0.363874096300583,-18.3899515065192,1.58121358710929e-75,5.42062081106467e-73,"Usp18","6","protein_coding","ubiquitin specific peptidase 18 [Source:MGI Symbol;Acc:MGI:1344364]"
"ENSMUSG00000029019",466.012402501978,-2.42205387034857,0.132249781035904,-18.3142372817313,6.37133327464539e-75,2.13454145003518e-72,"Nppb","4","protein_coding","natriuretic peptide type B [Source:MGI Symbol;Acc:MGI:97368]"
"ENSMUSG00000056313",2912.5290510895,-1.27051611849357,0.0696923016335894,-18.2303653160053,2.96335039416072e-74,9.70727736896069e-72,"Tcim","8","protein_coding","transcriptional and immune response regulator [Source:MGI Symbol;Acc:MGI:1916318]"
"ENSMUSG00000040511",5769.55825912116,-1.13202073082199,0.0630940374566141,-17.941802053806,5.56217301560587e-72,1.78243461789231e-69,"Pvr","7","protein_coding","poliovirus receptor [Source:MGI Symbol;Acc:MGI:107741]"
"ENSMUSG00000036390",735.695091948995,-1.74058424766954,0.0978980940029247,-17.7795519452865,1.01790199851714e-70,3.1925305021577e-68,"Gadd45a","6","protein_coding","growth arrest and DNA-damage-inducible 45 alpha [Source:MGI Symbol;Acc:MGI:107799]"
"ENSMUSG00000026712",609.087262788129,-2.32663418529252,0.131137387311457,-17.7419592763936,1.98877973634104e-70,6.10762543612569e-68,"Mrc1","2","protein_coding","mannose receptor, C type 1 [Source:MGI Symbol;Acc:MGI:97142]"
"ENSMUSG00000038508",2890.10114754452,-1.20462487034505,0.0681296821458928,-17.681351687,5.83796587310944e-70,1.75627459052054e-67,"Gdf15","8","protein_coding","growth differentiation factor 15 [Source:MGI Symbol;Acc:MGI:1346047]"
"ENSMUSG00000034394",881.948499734363,-1.60741003816094,0.0909594281635488,-17.6717254122437,6.92461733121952e-70,2.04151568159014e-67,"Lif","11","protein_coding","leukemia inhibitory factor [Source:MGI Symbol;Acc:MGI:96787]"
"ENSMUSG00000020205",1225.37429326739,-1.59179679045996,0.0902862341396795,-17.6305591392519,1.43540482943117e-69,4.14888286091076e-67,"Phlda1","10","protein_coding","pleckstrin homology like domain, family A, member 1 [Source:MGI Symbol;Acc:MGI:1096880]"
"ENSMUSG00000022425",2159.94744907352,-1.29758001055245,0.0737237206263429,-17.6005768500077,2.43828082752203e-69,6.91205724586581e-67,"Enpp2","15","protein_coding","ectonucleotide pyrophosphatase/phosphodiesterase 2 [Source:MGI Symbol;Acc:MGI:1321390]"
"ENSMUSG00000026822",342.141002149826,-2.58370244187662,0.147082529937343,-17.5663448471906,4.45998199478334e-69,1.2404640487755e-66,"Lcn2","2","protein_coding","lipocalin 2 [Source:MGI Symbol;Acc:MGI:96757]"
"ENSMUSG00000000078",9975.04338725442,-1.21771566015732,0.0694363567111327,-17.537147941434,7.45775374386007e-69,2.03582866552299e-66,"Klf6","13","protein_coding","Kruppel-like factor 6 [Source:MGI Symbol;Acc:MGI:1346318]"
"ENSMUSG00000015312",578.984641113103,-2.27393066209993,0.131885703919056,-17.2416766528049,1.29233714270412e-66,3.46369851283663e-64,"Gadd45b","10","protein_coding","growth arrest and DNA-damage-inducible 45 beta [Source:MGI Symbol;Acc:MGI:107776]"
"ENSMUSG00000047180",2004.88527519144,-1.56993759362867,0.0914623659649115,-17.1648478263832,4.86757095699061e-66,1.28130113351783e-63,"Neurl3","1","protein_coding","neuralized E3 ubiquitin protein ligase 3 [Source:MGI Symbol;Acc:MGI:2429944]"
"ENSMUSG00000052776",241.745786770817,-3.18814553219839,0.186416121206637,-17.1023059141136,1.42646935220637e-65,3.68904995103055e-63,"Oas1a","5","protein_coding","2'-5' oligoadenylate synthetase 1A [Source:MGI Symbol;Acc:MGI:2180860]"
"ENSMUSG00000037447",1701.66200181494,-1.27425480439768,0.0746301312824237,-17.0742672229197,2.30704009886355e-65,5.86346174092201e-63,"Arid5a","1","protein_coding","AT rich interactive domain 5A (MRF1-like) [Source:MGI Symbol;Acc:MGI:2443039]"
"ENSMUSG00000021025",3290.09001283785,-1.2665618001192,0.0743658516233204,-17.0314972863434,4.79611958267232e-65,1.19829828420632e-62,"Nfkbia","12","protein_coding","nuclear factor of kappa light polypeptide gene enhancer in B cells inhibitor, alpha [Source:MGI Symbol;Acc:MGI:104741]"
"ENSMUSG00000040435",2048.98171500606,-1.49600635763891,0.0879205217916353,-17.015439935449,6.30974855704019e-65,1.55020005798882e-62,"Ppp1r15a","7","protein_coding","protein phosphatase 1, regulatory subunit 15A [Source:MGI Symbol;Acc:MGI:1927072]"
"ENSMUSG00000029377",1193.79595909786,-1.5048196292431,0.0884898373237002,-17.0055644213516,7.46824394382734e-65,1.80474399960588e-62,"Ereg","5","protein_coding","epiregulin [Source:MGI Symbol;Acc:MGI:107508]"
"ENSMUSG00000018899",1319.95522992105,-1.38798712036568,0.0818124211320597,-16.9654815388634,1.47882412801468e-64,3.46021372556577e-62,"Irf1","11","protein_coding","interferon regulatory factor 1 [Source:MGI Symbol;Acc:MGI:96590]"
"ENSMUSG00000039997",189.181653182471,-4.23557695859541,0.251931933714365,-16.8123861717253,1.98036687653834e-63,4.56134189485182e-61,"Ifi203","1","protein_coding","interferon activated gene 203 [Source:MGI Symbol;Acc:MGI:96428]"
"ENSMUSG00000032281",1163.73007742493,-1.42102602098812,0.0847031755710916,-16.7765377319939,3.62356026726481e-63,8.21767721534624e-61,"Acsbg1","9","protein_coding","acyl-CoA synthetase bubblegum family member 1 [Source:MGI Symbol;Acc:MGI:2385656]"
"ENSMUSG00000026639",927.060013562359,-1.56172555440714,0.0934348874066238,-16.714587000149,1.0262849118766e-62,2.292191800905e-60,"Lamb3","1","protein_coding","laminin, beta 3 [Source:MGI Symbol;Acc:MGI:99915]"
"ENSMUSG00000078952",346.378821313501,2.63437342623898,0.158133652577415,16.6591575120248,2.59656259517603e-62,5.62881311992498e-60,"Lncenc1","13","lincRNA","long non-coding RNA, embryonic stem cells expressed 1 [Source:MGI Symbol;Acc:MGI:3780541]"
"ENSMUSG00000075122",506.173000748783,-2.11882419948312,0.127417084013131,-16.6290432393254,4.29396239991883e-62,9.17352170104397e-60,"Cd80","16","protein_coding","CD80 antigen [Source:MGI Symbol;Acc:MGI:101775]"
"ENSMUSG00000040296",934.888246904768,-1.86770260338209,0.112515809845334,-16.5994681631804,7.03111467591204e-62,1.48065230625171e-59,"Ddx58","4","protein_coding","DEAD (Asp-Glu-Ala-Asp) box polypeptide 58 [Source:MGI Symbol;Acc:MGI:2442858]"
"ENSMUSG00000032271",895.862961524321,-1.79089651449854,0.108567588449177,-16.4956829204777,3.94079018761679e-61,8.18185748671255e-59,"Nnmt","9","protein_coding","nicotinamide N-methyltransferase [Source:MGI Symbol;Acc:MGI:1099443]"
"ENSMUSG00000020826",802.072049906197,-1.73973285968351,0.105758366344744,-16.4500731224652,8.37670500637164e-61,1.71501400692951e-58,"Nos2","11","protein_coding","nitric oxide synthase 2, inducible [Source:MGI Symbol;Acc:MGI:97361]"
"ENSMUSG00000053560",1842.18152176005,-1.33584766380525,0.0814062706526395,-16.4096408433364,1.63167828876948e-60,3.29487255544532e-58,"Ier2","8","protein_coding","immediate early response 2 [Source:MGI Symbol;Acc:MGI:104815]"
"ENSMUSG00000024190",653.013691538637,-1.86039653864619,0.113676644933004,-16.3656883060072,3.36205027511351e-60,6.69729501424977e-58,"Dusp1","17","protein_coding","dual specificity phosphatase 1 [Source:MGI Symbol;Acc:MGI:105120]"
"ENSMUSG00000034422",351.740210530097,-2.41379475801698,0.147844856712844,-16.3265385870355,6.39089412554271e-60,1.256108937395e-57,"Parp14","16","protein_coding","poly (ADP-ribose) polymerase family, member 14 [Source:MGI Symbol;Acc:MGI:1919489]"
"ENSMUSG00000037443",15246.1728742368,-1.0469949432831,0.0654808066689127,-15.9893409465306,1.51626603593168e-57,2.94095758364064e-55,"Cep85","4","protein_coding","centrosomal protein 85 [Source:MGI Symbol;Acc:MGI:1917262]"
"ENSMUSG00000027580",1119.26882618741,-1.53341390865766,0.0966635417125382,-15.8634153217538,1.13547424936673e-56,2.17376959869025e-54,"Helz2","2","protein_coding","helicase with zinc finger 2, transcriptional coactivator [Source:MGI Symbol;Acc:MGI:2385169]"
"ENSMUSG00000035692",320.283815881026,-7.54509566562687,0.476274100363348,-15.8419188863529,1.59866941842213e-56,3.02128024320009e-54,"Isg15","4","protein_coding","ISG15 ubiquitin-like modifier [Source:MGI Symbol;Acc:MGI:1855694]"
"ENSMUSG00000074896",221.515781387022,-6.51548728696037,0.41223506491335,-15.8052718982794,2.86153047577371e-56,5.33947098017471e-54,"Ifit3","19","protein_coding","interferon-induced protein with tetratricopeptide repeats 3 [Source:MGI Symbol;Acc:MGI:1101055]"
"ENSMUSG00000032515",553.123984722215,-1.77659668383859,0.112751268132985,-15.7567778461097,6.16995285096515e-56,1.13689093720097e-53,"Csrnp1","9","protein_coding","cysteine-serine-rich nuclear protein 1 [Source:MGI Symbol;Acc:MGI:2387989]"
"ENSMUSG00000023952",2062.70344081625,-1.13100236061118,0.07183174627126,-15.7451603131038,7.41429835188664e-56,1.34931076549581e-53,"Gtpbp2","17","protein_coding","GTP binding protein 2 [Source:MGI Symbol;Acc:MGI:1860138]"
"ENSMUSG00000028300",1315.7556350159,-1.30435460127757,0.0843233116406674,-15.4684935387252,5.66165186190369e-54,1.01778548897954e-51,"C9orf72","4","protein_coding","C9orf72, member of C9orf72-SMCR8 complex [Source:MGI Symbol;Acc:MGI:1920455]"
"ENSMUSG00000079017",179.695619333925,-3.83618179653871,0.24833537711239,-15.4475847990138,7.83237149375833e-54,1.3910480504758e-51,"Ifi27l2a","12","protein_coding","interferon, alpha-inducible protein 27 like 2A [Source:MGI Symbol;Acc:MGI:1924183]"
"ENSMUSG00000042622",1542.99073394685,-1.39251847101164,0.0901912734605146,-15.4396142507211,8.86287460770337e-54,1.55532898323994e-51,"Maff","15","protein_coding","v-maf musculoaponeurotic fibrosarcoma oncogene family, protein F (avian) [Source:MGI Symbol;Acc:MGI:96910]"
"ENSMUSG00000043336",1130.47446144406,-1.4114732498081,0.0916595203105654,-15.3990905148279,1.65987497640069e-53,2.87861376789677e-51,"Filip1l","16","protein_coding","filamin A interacting protein 1-like [Source:MGI Symbol;Acc:MGI:1925999]"
"ENSMUSG00000023947",795.127641832286,-1.50576054611052,0.098395122548116,-15.3032031173516,7.27845175562928e-53,1.23323744057162e-50,"Nfkbie","17","protein_coding","nuclear factor of kappa light polypeptide gene enhancer in B cells inhibitor, epsilon [Source:MGI Symbol;Acc:MGI:1194908]"
"ENSMUSG00000024912",2329.98669606599,-1.09111662889365,0.0717410638646592,-15.2090946260856,3.07770105186166e-52,5.15549900062417e-50,"Fosl1","19","protein_coding","fos-like antigen 1 [Source:MGI Symbol;Acc:MGI:107179]"
"ENSMUSG00000033213",464.263704295258,-1.87122982884039,0.124332536187809,-15.0502023542238,3.44179919484319e-51,5.70062493608803e-49,"AA467197","2","protein_coding","expressed sequence AA467197 [Source:MGI Symbol;Acc:MGI:3034182]"
"ENSMUSG00000025408",1606.66310748547,-1.19716430921302,0.0802119491973115,-14.9250120610852,2.26594615906725e-50,3.71136803675671e-48,"Ddit3","10","protein_coding","DNA-damage inducible transcript 3 [Source:MGI Symbol;Acc:MGI:109247]"
"ENSMUSG00000056749",823.657839242737,-1.40779373899655,0.0949084379661864,-14.8331778413434,8.93986051778747e-50,1.4481591636561e-47,"Nfil3","13","protein_coding","nuclear factor, interleukin 3, regulated [Source:MGI Symbol;Acc:MGI:109495]"
"ENSMUSG00000024778",279.97954364285,-2.42161812635281,0.164422578647521,-14.7280145237482,4.26039857279856e-49,6.82636253930691e-47,"Fas","19","protein_coding","Fas (TNF receptor superfamily member 6) [Source:MGI Symbol;Acc:MGI:95484]"
"ENSMUSG00000030643",534.834878345956,-1.94789674944191,0.132682443447235,-14.6808929563959,8.54575977045887e-49,1.35454886856273e-46,"Rab30","7","protein_coding","RAB30, member RAS oncogene family [Source:MGI Symbol;Acc:MGI:1923235]"
"ENSMUSG00000033880",228.29863540457,-2.94041589272829,0.20091117789535,-14.6354021888214,1.66985321667012e-48,2.61864960286535e-46,"Lgals3bp","11","protein_coding","lectin, galactoside-binding, soluble, 3 binding protein [Source:MGI Symbol;Acc:MGI:99554]"
"ENSMUSG00000026880",2457.35835709646,-1.00362134205386,0.0688912361781487,-14.5682005104184,4.47524629937177e-48,6.94416902095151e-46,"Stom","2","protein_coding","stomatin [Source:MGI Symbol;Acc:MGI:95403]"
"ENSMUSG00000032000",668.654783634053,-1.46972908506097,0.102391001177281,-14.3540845207311,1.00443105565195e-46,1.52642455581087e-44,"Birc3","9","protein_coding","baculoviral IAP repeat-containing 3 [Source:MGI Symbol;Acc:MGI:1197007]"
"ENSMUSG00000020812",595.225354803562,-1.7434127072996,0.121636092418116,-14.3330213314214,1.36069660190118e-46,2.04673761312503e-44,"1810032O08Rik","11","protein_coding","RIKEN cDNA 1810032O08 gene [Source:MGI Symbol;Acc:MGI:1913543]"
"ENSMUSG00000021133",1677.46896410784,-1.06575707491797,0.0745064475254612,-14.3042261483983,2.05915569533679e-46,3.066062030804e-44,"Susd6","12","protein_coding","sushi domain containing 6 [Source:MGI Symbol;Acc:MGI:2444661]"
"ENSMUSG00000014599",5420.38221784271,-1.00555755508697,0.0704320126505038,-14.2769958893085,3.04445020613529e-46,4.44339014739013e-44,"Csf1","3","protein_coding","colony stimulating factor 1 (macrophage) [Source:MGI Symbol;Acc:MGI:1339753]"
"ENSMUSG00000090272",305.716347112008,-2.26606149740509,0.159128321409374,-14.2404662937116,5.13830530283791e-46,7.42585867344448e-44,"Mndal","1","protein_coding","myeloid nuclear differentiation antigen like [Source:MGI Symbol;Acc:MGI:3780953]"
"ENSMUSG00000023905",3975.81875492936,-1.02405950529522,0.0721301892266051,-14.1973772185461,9.5105779697841e-46,1.36112067818046e-43,"Tnfrsf12a","17","protein_coding","tumor necrosis factor receptor superfamily, member 12a [Source:MGI Symbol;Acc:MGI:1351484]"
"ENSMUSG00000022906",554.197262039427,-1.74840822833552,0.123533411001295,-14.153322685449,1.78137514484797e-45,2.52492798175038e-43,"Parp9","16","protein_coding","poly (ADP-ribose) polymerase family, member 9 [Source:MGI Symbol;Acc:MGI:1933117]"
"ENSMUSG00000001663",1838.85774683327,-1.12762024544369,0.07988554116669,-14.1154485401906,3.05068694178927e-45,4.24246945367129e-43,"Gstt1","10","protein_coding","glutathione S-transferase, theta 1 [Source:MGI Symbol;Acc:MGI:107379]"
"ENSMUSG00000046718",3922.05578105255,-1.18726749184881,0.0841646991074861,-14.1064781843105,3.46452876886163e-45,4.77295500764386e-43,"Bst2","8","protein_coding","bone marrow stromal cell antigen 2 [Source:MGI Symbol;Acc:MGI:1916800]"
"ENSMUSG00000064289",1489.35399836831,-1.28330684982378,0.0920902698250452,-13.9353142548266,3.86495480599077e-44,5.27530544399166e-42,"Tank","2","protein_coding","TRAF family member-associated Nf-kappa B activator [Source:MGI Symbol;Acc:MGI:107676]"
"ENSMUSG00000021895",826.179773925011,-1.27541324967113,0.0923611616187272,-13.8089780089181,2.2500101471844e-43,3.04288069538029e-41,"Arhgef3","14","protein_coding","Rho guanine nucleotide exchange factor (GEF) 3 [Source:MGI Symbol;Acc:MGI:1918954]"
"ENSMUSG00000028793",1516.11482356767,-1.04402171008609,0.0756418051496252,-13.8021786764731,2.47265114092191e-43,3.31357731530271e-41,"Rnf19b","4","protein_coding","ring finger protein 19B [Source:MGI Symbol;Acc:MGI:1922484]"
"ENSMUSG00000053580",186.284307711722,-2.8242622967163,0.204948916100616,-13.7803231676023,3.34770224555446e-43,4.44580890105571e-41,"Tanc2","11","protein_coding","tetratricopeptide repeat, ankyrin repeat and coiled-coil containing 2 [Source:MGI Symbol;Acc:MGI:2444121]"
"ENSMUSG00000047963",1687.04653188191,-1.05042978430787,0.0767518217188516,-13.6860567056725,1.23005830931836e-42,1.61895442300553e-40,"Stbd1","5","protein_coding","starch binding domain 1 [Source:MGI Symbol;Acc:MGI:1261768]"
"ENSMUSG00000026536",522.541610772572,-1.62620857904838,0.119175078259687,-13.6455423633523,2.14610844729371e-42,2.79962695765987e-40,"Ifi211","1","protein_coding","interferon activated gene 211 [Source:MGI Symbol;Acc:MGI:3041120]"
"ENSMUSG00000023045",491.850013830888,-1.57313908866315,0.115460226686193,-13.6249437041099,2.84629675384123e-42,3.68046144283978e-40,"Soat2","15","protein_coding","sterol O-acyltransferase 2 [Source:MGI Symbol;Acc:MGI:1332226]"
"ENSMUSG00000038619",4006.82537209783,-1.09681555848802,0.0809370874947384,-13.5514582058481,7.76716690689601e-42,9.87032822194432e-40,"Ensa","3","protein_coding","endosulfine alpha [Source:MGI Symbol;Acc:MGI:1891189]"
"ENSMUSG00000078776",218.591012997677,-2.35133012521566,0.174514934135239,-13.473518108161,2.23936318938545e-41,2.77398762812865e-39,"9530053A07Rik","7","protein_coding","RIKEN cDNA 9530053A07 gene [Source:MGI Symbol;Acc:MGI:2442118]"
"ENSMUSG00000017652",531.683801872078,-1.8544012246014,0.137952907714355,-13.4422771895546,3.41755385706347e-41,4.19818011724771e-39,"Cd40","2","protein_coding","CD40 antigen [Source:MGI Symbol;Acc:MGI:88336]"
"ENSMUSG00000087113",949.358745702301,-1.37374018729071,0.102252322911645,-13.4348066447131,3.78054504314164e-41,4.56795200663533e-39,"Gm11714","11","processed_transcript","predicted gene 11714 [Source:MGI Symbol;Acc:MGI:3649214]"
"ENSMUSG00000029314",909.225129035131,-1.1900385848966,0.0888940666165165,-13.3871542859025,7.18825054897967e-41,8.61479685711457e-39,"Gpat3","5","protein_coding","glycerol-3-phosphate acyltransferase 3 [Source:MGI Symbol;Acc:MGI:3603816]"
"ENSMUSG00000004891",400.912018484806,2.06911881950278,0.154682332884438,13.3765684866454,8.288657227866e-41,9.85347549967522e-39,"Nes","3","protein_coding","nestin [Source:MGI Symbol;Acc:MGI:101784]"
"ENSMUSG00000106734",311.558597968462,-2.00308353539328,0.149779862148549,-13.373517017973,8.63589340380943e-41,1.01841363732444e-38,"Gm20559","6","processed_transcript","predicted gene, 20559 [Source:MGI Symbol;Acc:MGI:5295666]"
"ENSMUSG00000038418",184.908997140946,-2.59951860850081,0.194402339602564,-13.3718483728913,8.83185306413404e-41,1.03325671443175e-38,"Egr1","18","protein_coding","early growth response 1 [Source:MGI Symbol;Acc:MGI:95295]"
"ENSMUSG00000028270",273.358816594926,-2.17413449747971,0.162920146060331,-13.3447860811185,1.27034716289326e-40,1.46298340064137e-38,"Gbp2","3","protein_coding","guanylate binding protein 2 [Source:MGI Symbol;Acc:MGI:102772]"
"ENSMUSG00000089774",1419.28198437216,1.07654394800506,0.081052387133339,13.282075779385,2.94126009314711e-40,3.36101666923113e-38,"Slc5a3","16","protein_coding","solute carrier family 5 (inositol transporters), member 3 [Source:MGI Symbol;Acc:MGI:1858226]"
"ENSMUSG00000032690",165.620990705906,-6.73497780181445,0.510303176059619,-13.1979931103302,9.01036619589849e-40,1.01390693201328e-37,"Oas2","5","protein_coding","2'-5' oligoadenylate synthetase 2 [Source:MGI Symbol;Acc:MGI:2180852]"
"ENSMUSG00000026104",288.262744052578,-2.10050164509856,0.160093285486417,-13.1204855888649,2.51319409181114e-39,2.80659046268092e-37,"Stat1","1","protein_coding","signal transducer and activator of transcription 1 [Source:MGI Symbol;Acc:MGI:103063]"
"ENSMUSG00000046879",334.484383942953,-1.84734688418904,0.142021219030817,-13.0075413856868,1.10851470928531e-38,1.22861769395299e-36,"Irgm1","11","protein_coding","immunity-related GTPase family M member 1 [Source:MGI Symbol;Acc:MGI:107567]"
"ENSMUSG00000023087",620.915440608687,-1.37239579045223,0.105670646303754,-12.98748364335,1.44087018179513e-38,1.58506472760015e-36,"Noct","3","protein_coding","nocturnin [Source:MGI Symbol;Acc:MGI:109382]"
"ENSMUSG00000027078",369.599662682436,-1.65121251702283,0.128360960833227,-12.8638217282292,7.19304210077445e-38,7.79651717702324e-36,"Ube2l6","2","protein_coding","ubiquitin-conjugating enzyme E2L 6 [Source:MGI Symbol;Acc:MGI:1914500]"
"ENSMUSG00000015652",1659.38991950274,-1.04287349086429,0.0814465647192716,-12.8043889200097,1.54940699491217e-37,1.66713930744528e-35,"Steap1","5","protein_coding","six transmembrane epithelial antigen of the prostate 1 [Source:MGI Symbol;Acc:MGI:1917608]"
"ENSMUSG00000040703",151.529782038466,2.81822096737875,0.220122923600595,12.8029417440062,1.57856012870605e-37,1.68619962733739e-35,"Cyp2s1","7","protein_coding","cytochrome P450, family 2, subfamily s, polypeptide 1 [Source:MGI Symbol;Acc:MGI:1921384]"
"ENSMUSG00000026166",253.175249022759,-5.4431158823502,0.429253070239332,-12.6804355279634,7.59089039962007e-37,7.99266538434281e-35,"Ccl20","1","protein_coding","chemokine (C-C motif) ligand 20 [Source:MGI Symbol;Acc:MGI:1329031]"
"ENSMUSG00000020407",1069.03718033556,-1.22622738140078,0.0969335036244316,-12.6501914771573,1.11602498062984e-36,1.16676058435918e-34,"Upp1","11","protein_coding","uridine phosphorylase 1 [Source:MGI Symbol;Acc:MGI:1097668]"
"ENSMUSG00000028268",116.60081406718,-5.79851378467694,0.461123698684063,-12.5747468655905,2.90730025460094e-36,2.99695895476031e-34,"Gbp3","3","protein_coding","guanylate binding protein 3 [Source:MGI Symbol;Acc:MGI:1926263]"
"ENSMUSG00000034459",262.45456931835,-8.26004092497626,0.659841828828021,-12.5182135537654,5.93560753047165e-36,6.07616601435296e-34,"Ifit1","19","protein_coding","interferon-induced protein with tetratricopeptide repeats 1 [Source:MGI Symbol;Acc:MGI:99450]"
"ENSMUSG00000033644",119.309948149876,6.20764995959032,0.49612531744188,12.5122620058944,6.39760742607336e-36,6.45939253888681e-34,"Piwil2","14","protein_coding","piwi-like RNA-mediated gene silencing 2 [Source:MGI Symbol;Acc:MGI:1930036]"
"ENSMUSG00000048455",1084.67359797881,-1.27848958375551,0.10285155956611,-12.43043459087,1.78660407956464e-35,1.76753897562835e-33,"Sprr1b","3","protein_coding","small proline-rich protein 1B [Source:MGI Symbol;Acc:MGI:106659]"
"ENSMUSG00000050578",110.954969747503,-3.69716968617209,0.299725748003425,-12.3351754422174,5.85612307703845e-35,5.75500735190825e-33,"Mmp13","9","protein_coding","matrix metallopeptidase 13 [Source:MGI Symbol;Acc:MGI:1340026]"
"ENSMUSG00000037405",268.291308568799,-1.97050372820308,0.159911216776852,-12.3224859889148,6.85480624652154e-35,6.69183436291218e-33,"Icam1","9","protein_coding","intercellular adhesion molecule 1 [Source:MGI Symbol;Acc:MGI:96392]"
"ENSMUSG00000112907",109.182372662833,3.66299128643138,0.297596725605286,12.3085738896528,8.14496654462762e-35,7.89900998910235e-33,"Gm47015","10","lincRNA","predicted gene, 47015 [Source:MGI Symbol;Acc:MGI:6095697]"
"ENSMUSG00000000489",598.591498956289,-1.6260204730899,0.132921527811516,-12.2329354760021,2.07309014056055e-34,1.9973478275819e-32,"Pdgfb","15","protein_coding","platelet derived growth factor, B polypeptide [Source:MGI Symbol;Acc:MGI:97528]"
"ENSMUSG00000029561",233.767564221476,-8.09616929633865,0.662284866833402,-12.2246025868733,2.2970228840145e-34,2.1987282034583e-32,"Oasl2","5","protein_coding","2'-5' oligoadenylate synthetase-like 2 [Source:MGI Symbol;Acc:MGI:1344390]"
"ENSMUSG00000046585",278.129436195806,-2.30306441162228,0.189077589786258,-12.1805255410003,3.94730084853364e-34,3.72994626975862e-32,"Cfap58","19","protein_coding","cilia and flagella associated protein 58 [Source:MGI Symbol;Acc:MGI:2685815]"
"ENSMUSG00000097039",1214.80705938554,-1.24564520498434,0.103480978418188,-12.0374316519354,2.25878963897725e-33,2.09413950114237e-31,"Pvt1","15","lincRNA","Pvt1 oncogene [Source:MGI Symbol;Acc:MGI:97824]"
"ENSMUSG00000060519",920.115133559946,-1.19350161338365,0.0993071910857286,-12.0182798479653,2.84839377190691e-33,2.60796103053912e-31,"Tor3a","1","protein_coding","torsin family 3, member A [Source:MGI Symbol;Acc:MGI:1353652]"
"ENSMUSG00000038507",656.236285339359,-1.34994097262385,0.112384245866748,-12.0118345966787,3.07936853251227e-33,2.80203528010885e-31,"Parp12","6","protein_coding","poly (ADP-ribose) polymerase family, member 12 [Source:MGI Symbol;Acc:MGI:2143990]"
"ENSMUSG00000030064",458.868062886598,-1.45709755118739,0.121807959612208,-11.9622523505546,5.60214607830783e-33,4.97477321327324e-31,"Frmd4b","6","protein_coding","FERM domain containing 4B [Source:MGI Symbol;Acc:MGI:2141794]"
"ENSMUSG00000041112",319.818733680868,-1.67220390970233,0.139825291201124,-11.9592378126861,5.8092675814193e-33,5.12780918668873e-31,"Elmo1","13","protein_coding","engulfment and cell motility 1 [Source:MGI Symbol;Acc:MGI:2153044]"
"ENSMUSG00000031877",850.428722823718,-1.11583228057572,0.093314342032527,-11.9577790109345,5.9122113569865e-33,5.18761354841298e-31,"Ces2g","8","protein_coding","carboxylesterase 2G [Source:MGI Symbol;Acc:MGI:1919611]"
"ENSMUSG00000029102",553.158988956365,-1.33978897520177,0.112360858128723,-11.9239831157829,8.87612060466577e-33,7.7421830670638e-31,"Hgfac","5","protein_coding","hepatocyte growth factor activator [Source:MGI Symbol;Acc:MGI:1859281]"
"ENSMUSG00000085385",871.954160278604,-1.16805986447272,0.0980527244736705,-11.9125691891037,1.01791709923407e-32,8.82653879988789e-31,"Snhg17","2","processed_transcript","small nucleolar RNA host gene 17 [Source:MGI Symbol;Acc:MGI:1915358]"
"ENSMUSG00000026773",387.449048585553,-1.69421720417166,0.14249887883057,-11.8893370816347,1.34469629388531e-32,1.15919111509727e-30,"Pfkfb3","2","protein_coding","6-phosphofructo-2-kinase/fructose-2,6-biphosphatase 3 [Source:MGI Symbol;Acc:MGI:2181202]"
"ENSMUSG00000047250",1009.15505278853,-1.12544533757213,0.09468703576972,-11.8859496278797,1.40034422940339e-32,1.20014385381601e-30,"Ptgs1","2","protein_coding","prostaglandin-endoperoxide synthase 1 [Source:MGI Symbol;Acc:MGI:97797]"
"ENSMUSG00000023341",88.5612959062522,-4.88107616080846,0.412314626027248,-11.8382319051808,2.47618113631406e-32,2.1099067127402e-30,"Mx2","16","polymorphic_pseudogene","MX dynamin-like GTPase 2 [Source:MGI Symbol;Acc:MGI:97244]"
"ENSMUSG00000067212",1418.70818050208,-1.00085226699691,0.0847159462846494,-11.8142133906408,3.2961947870661e-32,2.79248318138743e-30,"H2-T23","17","protein_coding","histocompatibility 2, T region locus 23 [Source:MGI Symbol;Acc:MGI:95957]"
"ENSMUSG00000032369",2705.10982381483,-1.03105133090212,0.0880098782050382,-11.7151773406624,1.06568013957488e-31,8.87524911721654e-30,"Plscr1","9","protein_coding","phospholipid scramblase 1 [Source:MGI Symbol;Acc:MGI:893575]"
"ENSMUSG00000069045",1378.68704063058,-13.8323231784488,1.18274435117771,-11.6951082156304,1.35014985990535e-31,1.11187480921032e-29,"Ddx3y","Y","protein_coding","DEAD (Asp-Glu-Ala-Asp) box polypeptide 3, Y-linked [Source:MGI Symbol;Acc:MGI:1349406]"
"ENSMUSG00000037887",589.331456801375,-1.38435497066856,0.118387407735306,-11.6934308905871,1.37708933110935e-31,1.12775965721572e-29,"Dusp8","7","protein_coding","dual specificity phosphatase 8 [Source:MGI Symbol;Acc:MGI:106626]"
"ENSMUSG00000034765",895.935038035805,-1.08992578596061,0.0938533103860615,-11.6130777004802,3.53652856091282e-31,2.84874139433966e-29,"Dusp5","19","protein_coding","dual specificity phosphatase 5 [Source:MGI Symbol;Acc:MGI:2685183]"
"ENSMUSG00000025383",99.1723118402778,-3.22835687665192,0.279982830545573,-11.5305530355599,9.25472847120985e-31,7.41434523881002e-29,"Il23a","10","protein_coding","interleukin 23, alpha subunit p19 [Source:MGI Symbol;Acc:MGI:1932410]"
"ENSMUSG00000087098",88.0034871395703,-5.06681123916411,0.440456565706661,-11.503543444823,1.26608740344435e-30,1.00883213049584e-28,"Gm11884","4","lincRNA","predicted gene 11884 [Source:MGI Symbol;Acc:MGI:3651157]"
"ENSMUSG00000069049",1144.23656317718,-13.5647403328543,1.18069115882665,-11.4888133373801,1.50160406510573e-30,1.19006158729697e-28,"Eif2s3y","Y","protein_coding","eukaryotic translation initiation factor 2, subunit 3, structural gene Y-linked [Source:MGI Symbol;Acc:MGI:1349430]"
"ENSMUSG00000030921",97.6707963070163,-3.5539509784789,0.309839739186731,-11.4702877939651,1.86039531689929e-30,1.46652873617179e-28,"Trim30a","7","protein_coding","tripartite motif-containing 30A [Source:MGI Symbol;Acc:MGI:98178]"
"ENSMUSG00000032691",86.3382267668099,-3.79280570132001,0.332671534349268,-11.4010527192807,4.1309341690916e-30,3.22191008394599e-28,"Nlrp3","11","protein_coding","NLR family, pyrin domain containing 3 [Source:MGI Symbol;Acc:MGI:2653833]"
"ENSMUSG00000029092",335.446329147511,-1.75034057794195,0.153690549819824,-11.3887326188495,4.75860683179795e-30,3.69192754250177e-28,"D5Ertd615e","5","lincRNA","DNA segment, Chr 5, ERATO Doi 615, expressed [Source:MGI Symbol;Acc:MGI:1277236]"
"ENSMUSG00000047735",1362.4615034643,-1.13695816843444,0.100116452753569,-11.3563568940362,6.89608420991672e-30,5.29454048637408e-28,"Samd9l","6","protein_coding","sterile alpha motif domain containing 9-like [Source:MGI Symbol;Acc:MGI:1343184]"
"ENSMUSG00000017861",1166.72130359703,1.02132482007921,0.0900064730364443,11.3472374333084,7.65429824635066e-30,5.84621815800285e-28,"Mybl2","2","protein_coding","myeloblastosis oncogene-like 2 [Source:MGI Symbol;Acc:MGI:101785]"
"ENSMUSG00000104781",174.719314788424,-2.20693208870596,0.194925810619544,-11.3219079694554,1.02222549711094e-29,7.76733301696516e-28,"Gm43303","5","lincRNA","predicted gene 43303 [Source:MGI Symbol;Acc:MGI:5663440]"
"ENSMUSG00000030291",1202.34083934717,-1.12662530475667,0.100515254112723,-11.2085007862907,3.70414170750688e-29,2.73013764551794e-27,"Med21","6","protein_coding","mediator complex subunit 21 [Source:MGI Symbol;Acc:MGI:1347064]"
"ENSMUSG00000021822",1042.58139083804,-1.04285056567776,0.0931706728504715,-11.1929058122336,4.41716113432242e-29,3.20755528478063e-27,"Plau","14","protein_coding","plasminogen activator, urokinase [Source:MGI Symbol;Acc:MGI:97611]"
"ENSMUSG00000019122",506.71708124492,-1.27834684343865,0.115664324180404,-11.052213830816,2.13874628057591e-28,1.53044946223153e-26,"Ccl9","11","protein_coding","chemokine (C-C motif) ligand 9 [Source:MGI Symbol;Acc:MGI:104533]"
"ENSMUSG00000092274",3926.88343817564,-1.13108145512686,0.102504681856301,-11.0344370095455,2.60678949772052e-28,1.85636154521247e-26,"Neat1","19","lincRNA","nuclear paraspeckle assembly transcript 1 (non-protein coding) [Source:MGI Symbol;Acc:MGI:1914211]"
"ENSMUSG00000029298",79.9643523541796,-3.92711207445848,0.356931061671107,-11.0024385551434,3.71935575123814e-28,2.63591457350968e-26,"Gbp9","5","protein_coding","guanylate-binding protein 9 [Source:MGI Symbol;Acc:MGI:3605620]"
"ENSMUSG00000037580",1244.15925054928,-1.12394975987737,0.102556400799513,-10.9593331192908,5.99394189958834e-28,4.2275931838197e-26,"Gch1","14","protein_coding","GTP cyclohydrolase 1 [Source:MGI Symbol;Acc:MGI:95675]"
"ENSMUSG00000025153",4257.55857698931,1.09609604588911,0.100243040577904,10.9343854652661,7.89389892895073e-28,5.51487981571861e-26,"Fasn","11","protein_coding","fatty acid synthase [Source:MGI Symbol;Acc:MGI:95485]"
"ENSMUSG00000024610",407.759262068702,-1.32599032974113,0.122078471292809,-10.8617868138331,1.75285402019776e-27,1.1907290834901e-25,"Cd74","18","protein_coding","CD74 antigen (invariant polypeptide of major histocompatibility complex, class II antigen-associated) [Source:MGI Symbol;Acc:MGI:96534]"
"ENSMUSG00000010067",547.478824510762,-1.276945923699,0.117607658653365,-10.8576766030404,1.83354900223816e-27,1.23983237807306e-25,"Rassf1","9","protein_coding","Ras association (RalGDS/AF-6) domain family member 1 [Source:MGI Symbol;Acc:MGI:1928386]"
"ENSMUSG00000068245",76.4920446540215,-3.74633030603189,0.346554358563577,-10.8102241782788,3.07916664908488e-27,2.07260253763288e-25,"Phf11d","14","protein_coding","PHD finger protein 11D [Source:MGI Symbol;Acc:MGI:1277133]"
"ENSMUSG00000033355",268.184971587966,-9.03119536986075,0.843777981829078,-10.7032839969154,9.82337865730652e-27,6.52281192735835e-25,"Rtp4","16","protein_coding","receptor transporter protein 4 [Source:MGI Symbol;Acc:MGI:1915025]"
"ENSMUSG00000056673",582.326262959024,-12.5888853214965,1.18248361676253,-10.646139314778,1.81747147949705e-26,1.19604228032438e-24,"Kdm5d","Y","protein_coding","lysine (K)-specific demethylase 5D [Source:MGI Symbol;Acc:MGI:99780]"
"ENSMUSG00000054855",1107.14060189929,-1.05782307216021,0.0996562534384714,-10.6147184512944,2.54560694173697e-26,1.66776853013976e-24,"Rnd1","15","protein_coding","Rho family GTPase 1 [Source:MGI Symbol;Acc:MGI:2444878]"
"ENSMUSG00000040033",368.682675696655,-1.41938109405318,0.133839752723296,-10.6050785747315,2.82226660456411e-26,1.83273268801232e-24,"Stat2","10","protein_coding","signal transducer and activator of transcription 2 [Source:MGI Symbol;Acc:MGI:103039]"
"ENSMUSG00000022596",544.521823226647,-1.14990712614143,0.108726304568608,-10.5761630610357,3.84378367283081e-26,2.48514101408768e-24,"Slurp1","15","protein_coding","secreted Ly6/Plaur domain containing 1 [Source:MGI Symbol;Acc:MGI:1930923]"
"ENSMUSG00000032372",1145.14707938229,-1.00203636607159,0.0951833816295399,-10.5274297773069,6.45735587689586e-26,4.13860360788356e-24,"Plscr2","9","protein_coding","phospholipid scramblase 2 [Source:MGI Symbol;Acc:MGI:1270860]"
"ENSMUSG00000068457",532.017915209775,-12.4575695261691,1.18437498250754,-10.5182646629314,7.11723233902802e-26,4.52220353058672e-24,"Uty","Y","protein_coding","ubiquitously transcribed tetratricopeptide repeat gene, Y chromosome [Source:MGI Symbol;Acc:MGI:894810]"
"ENSMUSG00000006403",441.185051777464,-1.2575039409639,0.120209346674025,-10.4609497993023,1.30540474822505e-25,8.25878600583065e-24,"Adamts4","1","protein_coding","a disintegrin-like and metallopeptidase (reprolysin type) with thrombospondin type 1 motif, 4 [Source:MGI Symbol;Acc:MGI:1339949]"
"ENSMUSG00000063919",187.841837621725,-1.94746079248827,0.18740795226516,-10.3915589970955,2.70888618088412e-25,1.67078205825995e-23,"Srrm4","5","protein_coding","serine/arginine repetitive matrix 4 [Source:MGI Symbol;Acc:MGI:1916205]"
"ENSMUSG00000037787",794.044843525788,-1.13359309908955,0.109328123104733,-10.368723681496,3.44089700996803e-25,2.11342761766411e-23,"Apopt1","12","protein_coding","apoptogenic, mitochondrial 1 [Source:MGI Symbol;Acc:MGI:1915270]"
"ENSMUSG00000021280",297.388299209004,-1.62518039402671,0.15869273214724,-10.2410511939439,1.29818132723441e-24,7.81081263051531e-23,"Exoc3l4","12","protein_coding","exocyst complex component 3-like 4 [Source:MGI Symbol;Acc:MGI:1921363]"
"ENSMUSG00000046519",481.579618785234,-1.20599265267866,0.118470464904657,-10.1796903865383,2.44337541704637e-24,1.45821040577654e-22,"Golph3l","3","protein_coding","golgi phosphoprotein 3-like [Source:MGI Symbol;Acc:MGI:1917129]"
"ENSMUSG00000066861",67.553545970541,-3.65879362065282,0.362122121822006,-10.1037561644777,5.31659297392816e-24,3.14746574412349e-22,"Oas1g","5","protein_coding","2'-5' oligoadenylate synthetase 1G [Source:MGI Symbol;Acc:MGI:97429]"
"ENSMUSG00000028037",100.638022485922,-6.86707336663098,0.680353755152242,-10.0933864399622,5.90949108320807e-24,3.48447232230281e-22,"Ifi44","3","protein_coding","interferon-induced protein 44 [Source:MGI Symbol;Acc:MGI:2443016]"
"ENSMUSG00000027859",459.056883987437,-1.29279228956726,0.128438168695412,-10.0654836696799,7.85005213259531e-24,4.6102636847246e-22,"Ngf","3","protein_coding","nerve growth factor [Source:MGI Symbol;Acc:MGI:97321]"
"ENSMUSG00000030469",527.039032563333,-1.29845689734797,0.129061513874729,-10.0607598529201,8.23601895711954e-24,4.81774426376584e-22,"Zfp719","7","protein_coding","zinc finger protein 719 [Source:MGI Symbol;Acc:MGI:2444708]"
"ENSMUSG00000045374",573.313877283384,1.14859346975554,0.114246691951488,10.05362562483,8.85483275646017e-24,5.15925255584899e-22,"Wdr81","11","protein_coding","WD repeat domain 81 [Source:MGI Symbol;Acc:MGI:2681828]"
"ENSMUSG00000015943",527.047401428989,-1.16090542651365,0.116821813087154,-9.93740292018554,2.86191132923441e-23,1.63517189551335e-21,"Bola1","3","protein_coding","bolA-like 1 (E. coli) [Source:MGI Symbol;Acc:MGI:1916418]"
"ENSMUSG00000026938",408.918198127027,-1.21216893341709,0.122407783428449,-9.90271124487464,4.05140005760553e-23,2.28818728923997e-21,"Fcna","2","protein_coding","ficolin A [Source:MGI Symbol;Acc:MGI:1340905]"
"ENSMUSG00000030598",108.149336547396,-2.52961898633548,0.256781313222617,-9.85125807866874,6.769128536202e-23,3.75126781023134e-21,"Fbxo17","7","protein_coding","F-box protein 17 [Source:MGI Symbol;Acc:MGI:1354707]"
"ENSMUSG00000027603",391.102223689251,-1.28452784279993,0.130877557515533,-9.81472963878833,9.72984554074974e-23,5.37182221408959e-21,"Ggt7","2","protein_coding","gamma-glutamyltransferase 7 [Source:MGI Symbol;Acc:MGI:1913385]"
"ENSMUSG00000036181",255.146386689562,-1.47200199194038,0.151071487185789,-9.74374462952164,1.96188651200907e-22,1.06324151005609e-20,"Hist1h1c","13","protein_coding","histone cluster 1, H1c [Source:MGI Symbol;Acc:MGI:1931526]"
"ENSMUSG00000097252",602.77055808164,-1.09970887813694,0.112891408770675,-9.7412982095995,2.0097028800152e-22,1.0851659397181e-20,"Gm6634","3","lincRNA","predicted gene 6634 [Source:MGI Symbol;Acc:MGI:3643829]"
"ENSMUSG00000042349",522.062026102225,-1.09502650880683,0.112974627809255,-9.69267640036535,3.23926813310929e-22,1.73636551091506e-20,"Ikbke","1","protein_coding","inhibitor of kappaB kinase epsilon [Source:MGI Symbol;Acc:MGI:1929612]"
"ENSMUSG00000031431",482.03960507733,-1.08384116127909,0.112507887852536,-9.63346821246591,5.77468079866328e-22,3.06203487960775e-20,"Tsc22d3","X","protein_coding","TSC22 domain family, member 3 [Source:MGI Symbol;Acc:MGI:1196284]"
"ENSMUSG00000017830",59.6232492697323,-3.88834203948772,0.404022191125721,-9.62408037205504,6.32703281111754e-22,3.33364253757634e-20,"Dhx58","11","protein_coding","DEXH (Asp-Glu-X-His) box polypeptide 58 [Source:MGI Symbol;Acc:MGI:1931560]"
"ENSMUSG00000020241",532.405937430012,1.09489027593879,0.113770044833756,9.62371314469176,6.34967042142176e-22,3.33364253757634e-20,"Col6a2","10","protein_coding","collagen, type VI, alpha 2 [Source:MGI Symbol;Acc:MGI:88460]"
"ENSMUSG00000022676",756.078437395512,-1.02620519823472,0.106633889525684,-9.62363093758802,6.35474902014077e-22,3.33364253757634e-20,"Snai2","16","protein_coding","snail family zinc finger 2 [Source:MGI Symbol;Acc:MGI:1096393]"
"ENSMUSG00000021068",724.216474014712,1.13786058931928,0.118274721155038,9.62048845439876,6.55192867998823e-22,3.4248929316208e-20,"Nin","12","protein_coding","ninein [Source:MGI Symbol;Acc:MGI:105108]"
"ENSMUSG00000027384",604.89447077622,-1.04710721386979,0.109020772686804,-9.60465779194148,7.6411328817204e-22,3.98013921588129e-20,"Ndufaf5","2","protein_coding","NADH:ubiquinone oxidoreductase complex assembly factor 5 [Source:MGI Symbol;Acc:MGI:1916737]"
"ENSMUSG00000025746",55.0721674349933,-4.35595137591039,0.45826841607668,-9.50524021097175,1.99586839016868e-21,1.02156583123182e-19,"Il6","5","protein_coding","interleukin 6 [Source:MGI Symbol;Acc:MGI:96559]"
"ENSMUSG00000037321",397.327354349901,-1.15583791500291,0.122135397776224,-9.46357842237209,2.97581133937389e-21,1.49714795063859e-19,"Tap1","17","protein_coding","transporter 1, ATP-binding cassette, sub-family B (MDR/TAP) [Source:MGI Symbol;Acc:MGI:98483]"
"ENSMUSG00000031304",405.414021335981,-1.21912448481599,0.128969151056555,-9.45283794479954,3.29766252207683e-21,1.65343004210662e-19,"Il2rg","X","protein_coding","interleukin 2 receptor, gamma chain [Source:MGI Symbol;Acc:MGI:96551]"
"ENSMUSG00000010358",328.341405925934,-1.33555655397096,0.141449659642854,-9.44192129795932,3.66005643800048e-21,1.8227328362353e-19,"Ifi35","11","protein_coding","interferon-induced protein 35 [Source:MGI Symbol;Acc:MGI:1917360]"
"ENSMUSG00000078853",56.0049013445505,-4.27884900717328,0.457144550575092,-9.35994753036091,7.97762992188209e-21,3.88113012140145e-19,"Igtp","11","protein_coding","interferon gamma induced GTPase [Source:MGI Symbol;Acc:MGI:107729]"
"ENSMUSG00000020399",392.76278049483,-1.20978322916228,0.129774396956966,-9.3222026650099,1.13949698304481e-20,5.48932190426914e-19,"Havcr2","11","protein_coding","hepatitis A virus cellular receptor 2 [Source:MGI Symbol;Acc:MGI:2159682]"
"ENSMUSG00000006205",153.549855715231,-1.94867258747816,0.209292814712842,-9.31074767259361,1.26935613424716e-20,6.09497679965387e-19,"Htra1","7","protein_coding","HtrA serine peptidase 1 [Source:MGI Symbol;Acc:MGI:1929076]"
"ENSMUSG00000116657",234.832254794525,-1.44673015585962,0.15539970777929,-9.30973536909332,1.28151239110305e-20,6.13336823287339e-19,"AC127341.3","17","antisense","novel transcript"
"ENSMUSG00000040026",109.433203924916,-2.26213613240692,0.243683460120502,-9.28309262880743,1.64629287073966e-20,7.82838813147529e-19,"Saa3","7","protein_coding","serum amyloid A 3 [Source:MGI Symbol;Acc:MGI:98223]"
"ENSMUSG00000028539",54.3374761406992,3.66850849644143,0.395514126727192,9.27529068758599,1.77135366889137e-20,8.39598856370667e-19,"Artn","4","protein_coding","artemin [Source:MGI Symbol;Acc:MGI:1333791]"
"ENSMUSG00000057596",56.7989560789003,-3.68150328649552,0.397825041875495,-9.25407628725318,2.16090706322414e-20,1.02095932753163e-18,"Trim30d","7","protein_coding","tripartite motif-containing 30D [Source:MGI Symbol;Acc:MGI:3035181]"
"ENSMUSG00000030790",515.368259435068,1.04233560409062,0.113580959839758,9.1770276071021,4.43154702778363e-20,2.04781927073851e-18,"Adm","7","protein_coding","adrenomedullin [Source:MGI Symbol;Acc:MGI:108058]"
"ENSMUSG00000053175",552.939761639165,-1.12259232120121,0.123448466070105,-9.09361093692084,9.58032167400489e-20,4.35875067273167e-18,"Bcl3","7","protein_coding","B cell leukemia/lymphoma 3 [Source:MGI Symbol;Acc:MGI:88140]"
"ENSMUSG00000055900",473.703277778056,-1.02825680382521,0.113651593399966,-9.04744731740401,1.46349460711736e-19,6.59736208058626e-18,"Tmem69","4","protein_coding","transmembrane protein 69 [Source:MGI Symbol;Acc:MGI:3045357]"
"ENSMUSG00000020423",318.713675615048,-1.21941166628437,0.135208182092203,-9.01877125640821,1.90210707286713e-19,8.508669750347e-18,"Btg2","1","protein_coding","B cell translocation gene 2, anti-proliferative [Source:MGI Symbol;Acc:MGI:108384]"
"ENSMUSG00000022584",144.705631472607,-1.87139792005206,0.207503882055175,-9.01861643029142,1.9047968371308e-19,8.508669750347e-18,"Ly6c2","15","protein_coding","lymphocyte antigen 6 complex, locus C2 [Source:MGI Symbol;Acc:MGI:3712069]"
"ENSMUSG00000057000",235.05612159451,3.52664423891588,0.391176025705793,9.01549176627788,1.95989148299241e-19,8.72832638996709e-18,"Nxf3","X","protein_coding","nuclear RNA export factor 3 [Source:MGI Symbol;Acc:MGI:2685230]"
"ENSMUSG00000085183",667.834670034568,-1.10089746981359,0.122609605310339,-8.97888437881427,2.73526026886375e-19,1.1929133616367e-17,"Wincr1","4","lincRNA","WNT induced non-coding RNA 1 [Source:MGI Symbol;Acc:MGI:3649757]"
"ENSMUSG00000006435",505.926282659085,-1.05213550339291,0.118080278395464,-8.9103406401972,5.08760075898626e-19,2.16752378000626e-17,"Neurl1a","19","protein_coding","neuralized E3 ubiquitin protein ligase 1A [Source:MGI Symbol;Acc:MGI:1334263]"
"ENSMUSG00000042807",151.992130126521,-1.73727693216918,0.195630546164571,-8.88039708639224,6.66221061983431e-19,2.83019154890425e-17,"Hecw2","1","protein_coding","HECT, C2 and WW domain containing E3 ubiquitin protein ligase 2 [Source:MGI Symbol;Acc:MGI:2685817]"
"ENSMUSG00000026207",165.229057120024,1.62536462279285,0.183064758543742,8.87863199734581,6.76876414156979e-19,2.86719402904829e-17,"Speg","1","protein_coding","SPEG complex locus [Source:MGI Symbol;Acc:MGI:109282]"
"ENSMUSG00000030187",81.0197589451954,-2.73345678756075,0.311592856420026,-8.77252713353626,1.74700401867508e-18,7.21360959083735e-17,"Klra2","6","protein_coding","killer cell lectin-like receptor, subfamily A, member 2 [Source:MGI Symbol;Acc:MGI:101906]"
"ENSMUSG00000079350",49.7051138396854,-4.20230860587116,0.480461262461031,-8.74640462031422,2.2025828538858e-18,9.01896495809181e-17,"Magea8","X","protein_coding","melanoma antigen, family A, 8 [Source:MGI Symbol;Acc:MGI:1333827]"
"ENSMUSG00000074151",262.809170928192,-1.6161740808995,0.184894644290346,-8.74105405866474,2.30945470667152e-18,9.35265709644088e-17,"Nlrc5","8","protein_coding","NLR family, CARD domain containing 5 [Source:MGI Symbol;Acc:MGI:3612191]"
"ENSMUSG00000026222",123.50878129836,-1.86264920686252,0.213241092686464,-8.73494495547931,2.43774810132203e-18,9.76490346782282e-17,"Sp100","1","protein_coding","nuclear antigen Sp100 [Source:MGI Symbol;Acc:MGI:109561]"
"ENSMUSG00000022286",55.7514543323596,-3.35910752247552,0.385037665240532,-8.72410110937355,2.68303298189814e-18,1.06605361687764e-16,"Grhl2","15","protein_coding","grainyhead like transcription factor 2 [Source:MGI Symbol;Acc:MGI:2182543]"
"ENSMUSG00000030666",56.346196189598,-3.53493193843941,0.405528370183482,-8.71685484505072,2.86036477249453e-18,1.13345798686403e-16,"Calcb","7","protein_coding","calcitonin-related polypeptide, beta [Source:MGI Symbol;Acc:MGI:2151254]"
"ENSMUSG00000098112",55.4504457989748,6.12493786664136,0.703076783150884,8.71162014366632,2.99562061665814e-18,1.18070704572614e-16,"Bin2","15","protein_coding","bridging integrator 2 [Source:MGI Symbol;Acc:MGI:3611448]"
"ENSMUSG00000037868",280.529526687732,-1.2171150140368,0.140933821670189,-8.6360747165792,5.8177469229854e-18,2.23331790082625e-16,"Egr2","10","protein_coding","early growth response 2 [Source:MGI Symbol;Acc:MGI:95296]"
"ENSMUSG00000022488",59.683734185954,2.88067174648118,0.334954025878516,8.60020039742997,7.95770245723797e-18,3.03897647466697e-16,"Nckap1l","15","protein_coding","NCK associated protein 1 like [Source:MGI Symbol;Acc:MGI:1926063]"
"ENSMUSG00000023571",53.1309097756529,3.3523249303805,0.389886772036478,8.59820124922541,8.09752111212686e-18,3.08346882625002e-16,"C1qtnf12","4","protein_coding","C1q and tumor necrosis factor related 12 [Source:MGI Symbol;Acc:MGI:1914639]"
"ENSMUSG00000020911",79.8769377108471,2.39079715596517,0.280610833525703,8.51997453528887,1.59588406482601e-17,5.9256743072041e-16,"Krt19","11","protein_coding","keratin 19 [Source:MGI Symbol;Acc:MGI:96693]"
"ENSMUSG00000036067",148.006411275489,-1.66353269270744,0.195298414791127,-8.51790166595362,1.62470057983641e-17,6.01751538878607e-16,"Slc2a6","2","protein_coding","solute carrier family 2 (facilitated glucose transporter), member 6 [Source:MGI Symbol;Acc:MGI:2443286]"
"ENSMUSG00000031712",157.601111850796,-1.6146515451447,0.190938920432539,-8.45637726183321,2.75812285300658e-17,1.00141598463473e-15,"Il15","8","protein_coding","interleukin 15 [Source:MGI Symbol;Acc:MGI:103014]"
"ENSMUSG00000085156",483.578104309416,-1.0750139076751,0.127336515026994,-8.44230665058808,3.11135814988385e-17,1.12413064920191e-15,"Snhg15","11","processed_transcript","small nucleolar RNA host gene 15 [Source:MGI Symbol;Acc:MGI:3650059]"
"ENSMUSG00000071637",269.551752372241,-1.30856337447612,0.155297427726754,-8.42617545976708,3.57146519565537e-17,1.28407240119892e-15,"Cebpd","16","protein_coding","CCAAT/enhancer binding protein (C/EBP), delta [Source:MGI Symbol;Acc:MGI:103573]"
"ENSMUSG00000046574",515.815521118633,1.04861135713729,0.126083200091708,8.31682061031582,9.0354351569099e-17,3.12655750347439e-15,"Prr12","7","protein_coding","proline rich 12 [Source:MGI Symbol;Acc:MGI:2679002]"
"ENSMUSG00000068250",384.210852469149,-1.12186002597032,0.134886009566696,-8.31709700341909,9.01439732348887e-17,3.12655750347439e-15,"Amn1","6","protein_coding","antagonist of mitotic exit network 1 [Source:MGI Symbol;Acc:MGI:2442933]"
"ENSMUSG00000021226",368.869590055208,-1.19859221807734,0.144161124745979,-8.31425406946105,9.23311570379839e-17,3.18747912388038e-15,"Acot2","12","protein_coding","acyl-CoA thioesterase 2 [Source:MGI Symbol;Acc:MGI:2159605]"
"ENSMUSG00000072923",67.9623063941112,-2.82746674097473,0.340229672658386,-8.31046486593103,9.53278869554113e-17,3.2832438822657e-15,"Gm10439","X","protein_coding","predicted gene 10439 [Source:MGI Symbol;Acc:MGI:3710525]"
"ENSMUSG00000030966",154.559538493669,-1.74498259591173,0.211441537856596,-8.25278993711828,1.54738903793061e-16,5.24369236968623e-15,"Trim21","7","protein_coding","tripartite motif-containing 21 [Source:MGI Symbol;Acc:MGI:106657]"
"ENSMUSG00000049422",294.675923603662,1.19827070386469,0.145929680007385,8.21128850418944,2.18827385469175e-16,7.24884154876652e-15,"Chchd10","10","protein_coding","coiled-coil-helix-coiled-coil-helix domain containing 10 [Source:MGI Symbol;Acc:MGI:2143558]"
"ENSMUSG00000028214",240.736996918837,-1.36504293312588,0.166734115344607,-8.18694440729538,2.67941862504371e-16,8.79672827433616e-15,"Gem","4","protein_coding","GTP binding protein (gene overexpressed in skeletal muscle) [Source:MGI Symbol;Acc:MGI:99844]"
"ENSMUSG00000074604",401.45250081682,-1.21531594395981,0.148626335171481,-8.17698924324283,2.91023980123031e-16,9.53329886887468e-15,"Mgst2","3","protein_coding","microsomal glutathione S-transferase 2 [Source:MGI Symbol;Acc:MGI:2448481]"
"ENSMUSG00000051457",266.444651719403,1.24366143295431,0.152204911621629,8.17096780717544,3.0592527006713e-16,9.96975388098943e-15,"Spn","7","protein_coding","sialophorin [Source:MGI Symbol;Acc:MGI:98384]"
"ENSMUSG00000097177",361.311897810439,-1.10072260189748,0.135143238121741,-8.14485887119204,3.79724534490874e-16,1.22484012317943e-14,"9330159M07Rik","9","processed_transcript","RIKEN cDNA 9330159M07 gene [Source:MGI Symbol;Acc:MGI:2442519]"
"ENSMUSG00000048776",149.596877748604,-9.66599581765286,1.19005195761883,-8.12233092494006,4.57314338431055e-16,1.46868641891333e-14,"Pthlh","6","protein_coding","parathyroid hormone-like peptide [Source:MGI Symbol;Acc:MGI:97800]"
"ENSMUSG00000002504",154.362920440688,1.75232680429584,0.216460471462021,8.09536629233155,5.7092293327365e-16,1.82559109748088e-14,"Slc9a3r2","17","protein_coding","solute carrier family 9 (sodium/hydrogen exchanger), member 3 regulator 2 [Source:MGI Symbol;Acc:MGI:1890662]"
"ENSMUSG00000040124",402.751271953581,-1.03719754473502,0.128896263086649,-8.04676194559474,8.50133152337065e-16,2.67773777747878e-14,"Gorab","1","protein_coding","golgin, RAB6-interacting [Source:MGI Symbol;Acc:MGI:2138271]"
"ENSMUSG00000021250",70.0558653892188,-2.38134159180085,0.296329082905927,-8.03613863495415,9.27138410789867e-16,2.90786113052201e-14,"Fos","12","protein_coding","FBJ osteosarcoma oncogene [Source:MGI Symbol;Acc:MGI:95574]"
"ENSMUSG00000026946",192.494077632176,-1.35562472668734,0.16972279186776,-7.98728745720595,1.37940191389606e-15,4.23620075265453e-14,"Nmi","2","protein_coding","N-myc (and STAT) interactor [Source:MGI Symbol;Acc:MGI:1928368]"
"ENSMUSG00000031534",266.075550819899,-1.17794738846561,0.148134169708308,-7.95189516898844,1.83679656040968e-15,5.59425993739651e-14,"Smim19","8","protein_coding","small integral membrane protein 19 [Source:MGI Symbol;Acc:MGI:2142501]"
"ENSMUSG00000049502",339.569966299795,-1.13229186823725,0.142762996293435,-7.93126999036875,2.1691605084204e-15,6.5459112013593e-14,"Dtx3l","16","protein_coding","deltex 3-like, E3 ubiquitin ligase [Source:MGI Symbol;Acc:MGI:2656973]"
"ENSMUSG00000021208",109.686088215387,-1.89426814731847,0.238899901327789,-7.92912904856915,2.20688126359522e-15,6.63910953197086e-14,"Ifi27l2b","12","protein_coding","interferon, alpha-inducible protein 27 like 2B [Source:MGI Symbol;Acc:MGI:1916390]"
"ENSMUSG00000054203",45.0774654692542,-3.78516609125027,0.482370165963881,-7.8470153387009,4.26055159448459e-15,1.26114038261641e-13,"Ifi205","1","protein_coding","interferon activated gene 205 [Source:MGI Symbol;Acc:MGI:101847]"
"ENSMUSG00000073069",41.3626333629411,-4.25806467112065,0.543110391729996,-7.84014582662878,4.50023500816838e-15,1.3267592851082e-13,"Mageb2","X","protein_coding","melanoma antigen, family B, 2 [Source:MGI Symbol;Acc:MGI:105117]"
"ENSMUSG00000115009",362.72123083925,-1.04840113506888,0.133861041515996,-7.83201089126147,4.80127928868576e-15,1.41268778432169e-13,"G930009F23Rik","15","lincRNA","RIKEN cDNA G930009F23 gene [Source:MGI Symbol;Acc:MGI:3642701]"
"ENSMUSG00000040447",378.641755792525,1.1452230689198,0.147485960305365,7.76496329920932,8.16688688220558e-15,2.33659047808491e-13,"Spns2","11","protein_coding","spinster homolog 2 [Source:MGI Symbol;Acc:MGI:2384936]"
"ENSMUSG00000021214",154.081891134636,-1.55795007672643,0.200772739978105,-7.75976896513107,8.50842391067515e-15,2.42597053901862e-13,"Akr1c18","13","protein_coding","aldo-keto reductase family 1, member C18 [Source:MGI Symbol;Acc:MGI:2145420]"
"ENSMUSG00000037106",243.935908781801,-1.17263214668361,0.152611483194673,-7.68377400007169,1.54469069410261e-14,4.32895162010772e-13,"Fer1l6","15","protein_coding","fer-1-like 6 (C. elegans) [Source:MGI Symbol;Acc:MGI:3645398]"
"ENSMUSG00000027346",336.325979535055,-1.06901761784443,0.139515392447461,-7.662363263946,1.82542439225388e-14,5.07709074834234e-13,"Gpcpd1","2","protein_coding","glycerophosphocholine phosphodiesterase 1 [Source:MGI Symbol;Acc:MGI:104898]"
"ENSMUSG00000073405",33.9694881954992,4.50769568054727,0.594546762269239,7.58173446835788,3.40965562561605e-14,9.29052376658155e-13,"H2-T-ps","17","unprocessed_pseudogene","histocompatibility 2, T region locus, pseudogene [Source:MGI Symbol;Acc:MGI:2442805]"
"ENSMUSG00000012889",143.546969700799,1.47086029742588,0.196093617611718,7.50080658075426,6.34263236673187e-14,1.6695847092499e-12,"Podnl1","8","protein_coding","podocan-like 1 [Source:MGI Symbol;Acc:MGI:2685352]"
"ENSMUSG00000079834",297.898978912274,-1.10150274671093,0.147597000460825,-7.46290739833357,8.46338306480049e-14,2.20033033083287e-12,"Tmlhe","GL456233.1","protein_coding","trimethyllysine hydroxylase, epsilon [Source:NCBI gene;Acc:192289]"
"ENSMUSG00000032067",387.654657694551,-1.03692574840597,0.139371237510363,-7.44002684433987,1.00664841997406e-13,2.58519239701004e-12,"Pts","9","protein_coding","6-pyruvoyl-tetrahydropterin synthase [Source:MGI Symbol;Acc:MGI:1338783]"
"ENSMUSG00000062488",46.8748573155995,-8.95459680856873,1.21335338163084,-7.38004026208183,1.58241671910641e-13,3.98061516319924e-12,"Ifit3b","19","protein_coding","interferon-induced protein with tetratricopeptide repeats 3B [Source:MGI Symbol;Acc:MGI:3698419]"
"ENSMUSG00000040187",280.457711702943,-1.02519561734465,0.139548439150417,-7.34652156330896,2.03431418157656e-13,5.06490521994714e-12,"Arntl2","6","protein_coding","aryl hydrocarbon receptor nuclear translocator-like 2 [Source:MGI Symbol;Acc:MGI:2684845]"
"ENSMUSG00000030157",250.034358528385,-1.28563459158785,0.17805986896657,-7.22023777198904,5.1896752523833e-13,1.25001638717945e-11,"Clec2d","6","protein_coding","C-type lectin domain family 2, member d [Source:MGI Symbol;Acc:MGI:2135589]"
"ENSMUSG00000035208",61.3972176320852,-7.4818217540828,1.0511759222526,-7.11757337254241,1.09843748825806e-12,2.51429612025033e-11,"Slfn8","11","protein_coding","schlafen 8 [Source:MGI Symbol;Acc:MGI:2672859]"
"ENSMUSG00000056144",31.494878826136,-4.11439888521528,0.580840118994236,-7.08353082142404,1.40527119987987e-12,3.18693888575832e-11,"Trim34a","7","protein_coding","tripartite motif-containing 34A [Source:MGI Symbol;Acc:MGI:2137359]"
"ENSMUSG00000021596",136.964764085709,-1.50496582300948,0.212843458485793,-7.07076380789939,1.54083207831267e-12,3.46240940036693e-11,"Mctp1","13","protein_coding","multiple C2 domains, transmembrane 1 [Source:MGI Symbol;Acc:MGI:1926021]"
"ENSMUSG00000053166",30.1561845904129,4.07114900825694,0.577135333948162,7.05406300530304,1.73767635440617e-12,3.88107380913656e-11,"Cdh22","2","protein_coding","cadherin 22 [Source:MGI Symbol;Acc:MGI:1341843]"
"ENSMUSG00000040747",144.417348038207,-1.37814768259471,0.196106657734938,-7.02754153536923,2.10204246515569e-12,4.6456083926327e-11,"Cd53","3","protein_coding","CD53 antigen [Source:MGI Symbol;Acc:MGI:88341]"
"ENSMUSG00000059588",205.070763705624,-1.15877138516301,0.164914126634598,-7.02651379120787,2.1175765909499e-12,4.66594865877316e-11,"Calcrl","2","protein_coding","calcitonin receptor-like [Source:MGI Symbol;Acc:MGI:1926944]"
"ENSMUSG00000085757",46.4979169103119,-2.70820991523345,0.388679977211565,-6.9677114181761,3.2213814614905e-12,6.91316066644233e-11,"Tslrn1","X","lincRNA","testis specific long noncoding RNA 1 [Source:MGI Symbol;Acc:MGI:1922795]"
"ENSMUSG00000079363",46.8145589788176,-2.51077050645785,0.361326766081127,-6.94875315684229,3.68528714228415e-12,7.85510145993334e-11,"Gbp4","5","protein_coding","guanylate binding protein 4 [Source:MGI Symbol;Acc:MGI:97072]"
"ENSMUSG00000092225",100.152593093751,1.77881220973493,0.257863532745197,6.89826975841763,5.26397183440162e-12,1.10041319221461e-10,"Gm2381","7","protein_coding","predicted gene 2381 [Source:MGI Symbol;Acc:MGI:3780549]"
"ENSMUSG00000015243",283.625298485783,1.02148718337001,0.148110037237729,6.89681268346746,5.31822315871756e-12,1.10885328971224e-10,"Abca1","4","protein_coding","ATP-binding cassette, sub-family A (ABC1), member 1 [Source:MGI Symbol;Acc:MGI:99607]"
"ENSMUSG00000031337",260.916136889538,-1.0437550800773,0.151401925564689,-6.89393530620148,5.42697121142639e-12,1.12992913315871e-10,"Mtm1","X","protein_coding","X-linked myotubular myopathy gene 1 [Source:MGI Symbol;Acc:MGI:1099452]"
"ENSMUSG00000099876",33.1587412431207,-8.45942525129652,1.22867034787669,-6.88502434026798,5.77776551359904e-12,1.19620844713432e-10,"Gm29650","Y","lincRNA","predicted gene 29650 [Source:MGI Symbol;Acc:MGI:5580356]"
"ENSMUSG00000026961",269.229330551736,-1.03702465790214,0.151701009490497,-6.83597730420575,8.14478385120299e-12,1.64920685096955e-10,"Lrrc26","2","protein_coding","leucine rich repeat containing 26 [Source:MGI Symbol;Acc:MGI:2385129]"
"ENSMUSG00000105651",29.3880696917744,-5.0567818456168,0.743683543584662,-6.79964198379647,1.04879456217172e-11,2.1005816088279e-10,"1700017M07Rik","3","lincRNA","RIKEN cDNA 1700017M07 gene [Source:MGI Symbol;Acc:MGI:1923648]"
"ENSMUSG00000028525",156.195759286351,1.29572210285236,0.191203692012765,6.77665838568564,1.22987222522548e-11,2.4302341115347e-10,"Pde4b","4","protein_coding","phosphodiesterase 4B, cAMP specific [Source:MGI Symbol;Acc:MGI:99557]"
"ENSMUSG00000054519",284.753149061128,-1.02718897479069,0.154151189978376,-6.66351634998592,2.67352288164269e-11,5.07865989668748e-10,"Zfp867","11","protein_coding","zinc finger protein 867 [Source:MGI Symbol;Acc:MGI:2681848]"
"ENSMUSG00000053101",326.192682055361,-1.14907690656549,0.172891681950547,-6.64622435042403,3.00706800810355e-11,5.66843855594046e-10,"Gpr141","13","protein_coding","G protein-coupled receptor 141 [Source:MGI Symbol;Acc:MGI:2672983]"
"ENSMUSG00000048218",218.797010664351,1.08571775170272,0.164386190889997,6.60467735047924,3.98384032660889e-11,7.3683551134933e-10,"Amigo2","15","protein_coding","adhesion molecule with Ig like domain 2 [Source:MGI Symbol;Acc:MGI:2145995]"
"ENSMUSG00000040836",97.987377267668,1.58170135166367,0.239955276003898,6.59165065259068,4.34963136738872e-11,8.00473358135794e-10,"Gpr161","1","protein_coding","G protein-coupled receptor 161 [Source:MGI Symbol;Acc:MGI:2685054]"
"ENSMUSG00000060183",29.947394522519,-5.4077471717179,0.821527975353987,-6.58254780598039,4.62454034994085e-11,8.47889916647737e-10,"Cxcl11","5","polymorphic_pseudogene","chemokine (C-X-C motif) ligand 11 [Source:MGI Symbol;Acc:MGI:1860203]"
"ENSMUSG00000038545",116.298846362657,1.64977492503263,0.251379953382392,6.5628738602041,5.27804949301323e-11,9.65306793753202e-10,"Cul7","17","protein_coding","cullin 7 [Source:MGI Symbol;Acc:MGI:1913765]"
"ENSMUSG00000051379",211.807572951874,-1.03571423097245,0.158589366224083,-6.53079242090552,6.54226198148017e-11,1.18914283438963e-09,"Flrt3","2","protein_coding","fibronectin leucine rich transmembrane protein 3 [Source:MGI Symbol;Acc:MGI:1918686]"
"ENSMUSG00000074829",210.338486778116,-1.11238123438751,0.170546263983233,-6.52246028970103,6.91633778982076e-11,1.25058617144804e-09,"2010315B03Rik","9","protein_coding","RIKEN cDNA 2010315B03 gene [Source:MGI Symbol;Acc:MGI:1919321]"
"ENSMUSG00000045868",26.9416999066696,-8.15011430216846,1.25014806204691,-6.51931923073495,7.06271985678536e-11,1.27275737663659e-09,"Gvin1","7","protein_coding","GTPase, very large interferon inducible 1 [Source:MGI Symbol;Acc:MGI:1921808]"
"ENSMUSG00000084807",107.343975147393,-1.56124328078154,0.239918708117373,-6.50738449299145,7.64705082604758e-11,1.36636577244567e-09,"Gm13073","4","lincRNA","predicted gene 13073 [Source:MGI Symbol;Acc:MGI:3651721]"
"ENSMUSG00000035638",23.8144235897954,-7.98106200861135,1.2460174813243,-6.40525685091424,1.50116445114172e-10,2.57310060166047e-09,"Muc20","16","protein_coding","mucin 20 [Source:MGI Symbol;Acc:MGI:2385039]"
"ENSMUSG00000063975",54.9557433176088,-2.30905970026256,0.361943655872098,-6.37961092231029,1.77538455314002e-10,3.00496609682997e-09,"Slco1a5","6","protein_coding","solute carrier organic anion transporter family, member 1a5 [Source:MGI Symbol;Acc:MGI:1351865]"
"ENSMUSG00000055114",25.4082237045903,-4.35120451902801,0.683990968580039,-6.36149411162705,1.99800570132845e-10,3.33929728381889e-09,"Anxa13","15","processed_transcript","annexin A13 [Source:MGI Symbol;Acc:MGI:1917037]"
"ENSMUSG00000037946",126.549697570364,-1.41631810209634,0.222727299721838,-6.35897846319317,2.03099877865497e-10,3.38675938870509e-09,"Fgd3","13","protein_coding","FYVE, RhoGEF and PH domain containing 3 [Source:MGI Symbol;Acc:MGI:1353657]"
"ENSMUSG00000036875",212.378169486928,1.02246343603862,0.160956768959066,6.35241029408743,2.11967040822714e-10,3.51474257454176e-09,"Dna2","10","protein_coding","DNA replication helicase/nuclease 2 [Source:MGI Symbol;Acc:MGI:2443732]"
"ENSMUSG00000044734",107.203326878019,-1.56810616365102,0.247284004081094,-6.34131661478913,2.27809816000582e-10,3.76052015415967e-09,"Serpinb1a","13","protein_coding","serine (or cysteine) peptidase inhibitor, clade B, member 1a [Source:MGI Symbol;Acc:MGI:1913472]"
"ENSMUSG00000067219",186.267885401151,-1.06621479074046,0.168192092408548,-6.33926824663412,2.30858990012182e-10,3.80659101987649e-09,"Nipal1","5","protein_coding","NIPA-like domain containing 1 [Source:MGI Symbol;Acc:MGI:1917951]"
"ENSMUSG00000087265",95.4152351758155,-1.48409336936453,0.234323549280454,-6.33352206349638,2.396270221611e-10,3.9423459081214e-09,"Gm12349","11","lincRNA","predicted gene 12349 [Source:MGI Symbol;Acc:MGI:3650494]"
"ENSMUSG00000097789",113.849862977194,1.35809779670815,0.214730858788673,6.32465126050986,2.53805127180737e-10,4.1570459775236e-09,"Gm2115","7","protein_coding","predicted gene 2115 [Source:MGI Symbol;Acc:MGI:3780284]"
"ENSMUSG00000055980",22.2924600817069,7.96923963275848,1.26352794356164,6.30713366757427,2.84250333756644e-10,4.62487215221489e-09,"Irs1","1","protein_coding","insulin receptor substrate 1 [Source:MGI Symbol;Acc:MGI:99454]"
"ENSMUSG00000040855",106.614114282903,-1.5045667666291,0.238655034753673,-6.3043579540739,2.89390984339455e-10,4.69814151998668e-09,"Reps2","X","protein_coding","RALBP1 associated Eps domain containing protein 2 [Source:MGI Symbol;Acc:MGI:2663511]"
"ENSMUSG00000040653",165.76352864337,-1.13694729272018,0.181246692739595,-6.27292711130282,3.54322804772474e-10,5.70827591819786e-09,"Ppp1r14c","10","protein_coding","protein phosphatase 1, regulatory inhibitor subunit 14C [Source:MGI Symbol;Acc:MGI:1923392]"
"ENSMUSG00000037892",206.98924432328,1.0633489620112,0.170580601518853,6.23370390620691,4.55533736592807e-10,7.21269904523584e-09,"Pcdh18","3","protein_coding","protocadherin 18 [Source:MGI Symbol;Acc:MGI:1920423]"
"ENSMUSG00000050777",90.1518257136031,1.59041322853006,0.256047583810178,6.21139713510877,5.2515563651654e-10,8.21796097440586e-09,"Tmem37","1","protein_coding","transmembrane protein 37 [Source:MGI Symbol;Acc:MGI:2157899]"
"ENSMUSG00000054072",21.369619164496,-7.81301083902513,1.27131051546272,-6.14563534557207,7.96440668050188e-10,1.21535526788073e-08,"Iigp1","18","protein_coding","interferon inducible GTPase 1 [Source:MGI Symbol;Acc:MGI:1926259]"
"ENSMUSG00000056592",118.425777977244,-1.31694044233441,0.215657244521792,-6.10663669219483,1.01752494909148e-09,1.52123075806871e-08,"Zfp658","7","protein_coding","zinc finger protein 658 [Source:MGI Symbol;Acc:MGI:2652821]"
"ENSMUSG00000032411",190.388224036474,1.01067676039463,0.166033605287506,6.08718192106065,1.1491537245699e-09,1.7093516704223e-08,"Tfdp2","9","protein_coding","transcription factor Dp 2 [Source:MGI Symbol;Acc:MGI:107167]"
"ENSMUSG00000025235",145.028655946631,-1.16657117743519,0.192508601742759,-6.05983923250364,1.36257668440584e-09,1.99065836519588e-08,"Bbs4","9","protein_coding","Bardet-Biedl syndrome 4 (human) [Source:MGI Symbol;Acc:MGI:2143311]"
"ENSMUSG00000022311",24.9788863208657,5.70734300567054,0.942677159102125,6.0543983171361,1.40943469096652e-09,2.05707690886509e-08,"Csmd3","15","protein_coding","CUB and Sushi multiple domains 3 [Source:MGI Symbol;Acc:MGI:2386403]"
"ENSMUSG00000022947",30.4624636055037,7.45523483666514,1.23556364648838,6.03387357490954,1.60075317555909e-09,2.3225100945784e-08,"Cbr3","16","protein_coding","carbonyl reductase 3 [Source:MGI Symbol;Acc:MGI:1309992]"
"ENSMUSG00000020135",182.233521948234,1.07227617350891,0.179136781450755,5.9857956854253,2.15334540188838e-09,3.07582021019735e-08,"Apc2","10","protein_coding","adenomatosis polyposis coli 2 [Source:MGI Symbol;Acc:MGI:1346052]"
"ENSMUSG00000078606",24.3555316296287,-5.5481682959964,0.929527988251176,-5.96880176403809,2.39002279912618e-09,3.384373302778e-08,"Gm4070","7","protein_coding","predicted gene 4070 [Source:MGI Symbol;Acc:MGI:3782245]"
"ENSMUSG00000008932",32.2460413041116,-2.98444862937988,0.500435720877942,-5.96370024134987,2.46588932424615e-09,3.48176959087285e-08,"Slc1a7","4","protein_coding","solute carrier family 1 (glutamate transporter), member 7 [Source:MGI Symbol;Acc:MGI:2444087]"
"ENSMUSG00000015619",94.3868829012545,-1.47248806444657,0.24831956158408,-5.9298109865098,3.03283591864828e-09,4.23362067015097e-08,"Gata3","2","protein_coding","GATA binding protein 3 [Source:MGI Symbol;Acc:MGI:95663]"
"ENSMUSG00000114822",194.184582519211,-1.08736829737039,0.183398905049488,-5.92897922196957,3.04823651811551e-09,4.25109314224604e-08,"Gm4813","13","processed_pseudogene","predicted gene 4813 [Source:MGI Symbol;Acc:MGI:3648783]"
"ENSMUSG00000079339",21.8318594794648,-3.89768694170775,0.658950915658402,-5.91498827771307,3.31899219651874e-09,4.59823909481981e-08,"Ifit1bl1","19","protein_coding","interferon induced protein with tetratricpeptide repeats 1B like 1 [Source:MGI Symbol;Acc:MGI:3650685]"
"ENSMUSG00000032578",26.5115373003869,-3.12811612772122,0.532031098916056,-5.87957383336115,4.11324098573113e-09,5.58832123231914e-08,"Cish","9","protein_coding","cytokine inducible SH2-containing protein [Source:MGI Symbol;Acc:MGI:103159]"
"ENSMUSG00000078920",21.8076352941017,-4.94102485634409,0.840716524883305,-5.87715919706696,4.17366791566477e-09,5.66519693782822e-08,"Ifi47","11","protein_coding","interferon gamma inducible protein 47 [Source:MGI Symbol;Acc:MGI:99448]"
"ENSMUSG00000003051",166.465591215932,-1.1276333937444,0.19201406527281,-5.87266038111471,4.28856473157121e-09,5.80511778770351e-08,"Elf3","1","protein_coding","E74-like factor 3 [Source:MGI Symbol;Acc:MGI:1101781]"
"ENSMUSG00000069874",173.794683662476,-4.84453037279264,0.827544638898713,-5.85410157358966,4.79595460828254e-09,6.45047143072016e-08,"Irgm2","11","protein_coding","immunity-related GTPase family M member 2 [Source:MGI Symbol;Acc:MGI:1926262]"
"ENSMUSG00000029260",28.4714829880282,-3.13314832404652,0.536034769222425,-5.84504682148041,5.06425803442891e-09,6.75585770909652e-08,"Ugt2b34","5","protein_coding","UDP glucuronosyltransferase 2 family, polypeptide B34 [Source:MGI Symbol;Acc:MGI:2140962]"
"ENSMUSG00000054252",110.336824821051,1.33163021518855,0.229148128678621,5.81122011716775,6.2019152600673e-09,8.19197426959248e-08,"Fgfr3","5","protein_coding","fibroblast growth factor receptor 3 [Source:MGI Symbol;Acc:MGI:95524]"
"ENSMUSG00000084915",166.360835532915,-1.05940169826516,0.183899095403758,-5.76077710409179,8.37275483862119e-09,1.08934491682361e-07,"C230037L18Rik","15","antisense","RIKEN cDNA C230037L18 gene [Source:MGI Symbol;Acc:MGI:3697701]"
"ENSMUSG00000048806",15.426916410104,-7.35665717045094,1.28286588262228,-5.73454892682416,9.77721988513101e-09,1.25218069788633e-07,"Ifnb1","4","protein_coding","interferon beta 1, fibroblast [Source:MGI Symbol;Acc:MGI:107657]"
"ENSMUSG00000029361",25.8886161826857,2.95149856445797,0.515551871831327,5.72493036243617,1.03476176808659e-08,1.32408187702816e-07,"Nos1","5","protein_coding","nitric oxide synthase 1, neuronal [Source:MGI Symbol;Acc:MGI:97360]"
"ENSMUSG00000109825",22.7483561374884,3.82006262919473,0.671883984779308,5.68559857912001,1.30355263778815e-08,1.64799909379375e-07,"Gm45589","8","lincRNA","predicted gene 45589 [Source:MGI Symbol;Acc:MGI:5791425]"
"ENSMUSG00000035042",22.3219748878542,-3.94321921885198,0.693609817324428,-5.68506834874799,1.30760353243622e-08,1.65170382790422e-07,"Ccl5","11","protein_coding","chemokine (C-C motif) ligand 5 [Source:MGI Symbol;Acc:MGI:98262]"
"ENSMUSG00000001995",143.301554701934,1.11711630700248,0.196828030265454,5.6755956227163,1.38206913283903e-08,1.73683555730436e-07,"Sipa1l2","8","protein_coding","signal-induced proliferation-associated 1 like 2 [Source:MGI Symbol;Acc:MGI:2676970]"
"ENSMUSG00000043953",19.6898466882308,-4.79625073631565,0.846674080714686,-5.66481346903531,1.47184559394974e-08,1.84024392709187e-07,"Ccrl2","9","protein_coding","chemokine (C-C motif) receptor-like 2 [Source:MGI Symbol;Acc:MGI:1920904]"
"ENSMUSG00000019851",13.9577443651106,7.29867807593263,1.29215239399263,5.64846538989135,1.61886434481896e-08,2.00366744810884e-07,"Perp","10","protein_coding","PERP, TP53 apoptosis effector [Source:MGI Symbol;Acc:MGI:1929938]"
"ENSMUSG00000105504",21.5901211819046,-3.88486663327858,0.687960985902841,-5.6469286963712,1.63339534817273e-08,2.0182632713675e-07,"Gbp5","3","protein_coding","guanylate binding protein 5 [Source:MGI Symbol;Acc:MGI:2429943]"
"ENSMUSG00000032596",54.2588475605672,-1.77393095602674,0.316339732293054,-5.60767673149381,2.05060578302547e-08,2.48789957593238e-07,"Uba7","9","protein_coding","ubiquitin-like modifier activating enzyme 7 [Source:MGI Symbol;Acc:MGI:1349462]"
"ENSMUSG00000043190",155.411615335279,-1.06296117435942,0.189569383356589,-5.60724076608899,2.05577592648804e-08,2.49212112930593e-07,"Rfesd","13","protein_coding","Rieske (Fe-S) domain containing [Source:MGI Symbol;Acc:MGI:2145198]"
"ENSMUSG00000116802",162.496034862593,-1.03163101398398,0.18451713425544,-5.59097678460482,2.25795772137223e-08,2.71932637015915e-07,"AC129328.1","17","lincRNA","novel transcript"
"ENSMUSG00000043263",42.5444099720496,-2.15246555710009,0.385449200054609,-5.58430412307286,2.34637800068597e-08,2.82350678433566e-07,"Ifi209","1","protein_coding","interferon activated gene 209 [Source:MGI Symbol;Acc:MGI:2138243]"
"ENSMUSG00000028104",160.508612907565,-1.01806813335231,0.182899821074122,-5.56626095844966,2.60263392502432e-08,3.10651228249259e-07,"Polr3gl","3","protein_coding","polymerase (RNA) III (DNA directed) polypeptide G like [Source:MGI Symbol;Acc:MGI:1917120]"
"ENSMUSG00000053004",91.3237182146667,-1.54095149525619,0.277064126222966,-5.56171423656672,2.67137471139816e-08,3.1757044048968e-07,"Hrh1","6","protein_coding","histamine receptor H1 [Source:MGI Symbol;Acc:MGI:107619]"
"ENSMUSG00000021097",20.9371858201755,3.38932229476137,0.610334544553836,5.55322048375782,2.80453964001822e-08,3.30733750668069e-07,"Clmn","12","protein_coding","calmin [Source:MGI Symbol;Acc:MGI:2136957]"
"ENSMUSG00000097164",68.7037426181542,-1.59051056611757,0.287035410029804,-5.54116499407657,3.00465943405777e-08,3.52080164685577e-07,"Cep83os","10","bidirectional_promoter_lncRNA","centrosomal protein 83, opposite strand [Source:MGI Symbol;Acc:MGI:1914973]"
"ENSMUSG00000026068",116.553604198977,-1.15734462537393,0.209235783687559,-5.53129395448979,3.17877104623107e-08,3.71301616422283e-07,"Il18rap","1","protein_coding","interleukin 18 receptor accessory protein [Source:MGI Symbol;Acc:MGI:1338888]"
"ENSMUSG00000036452",107.699537751786,-1.30169351086473,0.236445342588032,-5.5052617937699,3.68620075768627e-08,4.26517153603244e-07,"Arhgap26","18","protein_coding","Rho GTPase activating protein 26 [Source:MGI Symbol;Acc:MGI:1918552]"
"ENSMUSG00000034947",162.71857057253,-1.0048108264239,0.182803865760182,-5.49666070925488,3.87050364663584e-08,4.46440487128786e-07,"Tmem106a","11","protein_coding","transmembrane protein 106A [Source:MGI Symbol;Acc:MGI:1922056]"
"ENSMUSG00000041481",26.1645497131749,-2.80818054184991,0.511817280901949,-5.48668567208437,4.09544928105059e-08,4.70545735401143e-07,"Serpina3g","12","protein_coding","serine (or cysteine) peptidase inhibitor, clade A, member 3G [Source:MGI Symbol;Acc:MGI:105046]"
"ENSMUSG00000089809",20.7986524102776,-3.49862967068174,0.637996325017361,-5.48377715277049,4.16339179367192e-08,4.76990770461801e-07,"Rasgef1b","5","protein_coding","RasGEF domain family, member 1B [Source:MGI Symbol;Acc:MGI:2443755]"
"ENSMUSG00000081895",5500.60918446306,-1.13256570411656,0.206987989424732,-5.47164938054727,4.45866288065934e-08,5.0674749054587e-07,"Rpl17-ps10","7","processed_pseudogene","ribosomal protein L17, pseudogene 10 [Source:MGI Symbol;Acc:MGI:3642871]"
"ENSMUSG00000038742",213.770840738356,-1.04836732962972,0.192531971657383,-5.44515968233744,5.17589318212705e-08,5.8198200913604e-07,"Angptl6","9","protein_coding","angiopoietin-like 6 [Source:MGI Symbol;Acc:MGI:1917976]"
"ENSMUSG00000027514",13.4720037205587,-7.16956691745071,1.31774904420203,-5.44076806505465,5.30513459724232e-08,5.95152124033097e-07,"Zbp1","2","protein_coding","Z-DNA binding protein 1 [Source:MGI Symbol;Acc:MGI:1927449]"
"ENSMUSG00000067001",62.9472903567112,-1.75419764778026,0.322583156399625,-5.43797037439584,5.38909323518626e-08,6.03193799391652e-07,"Serpinb7","1","protein_coding","serine (or cysteine) peptidase inhibitor, clade B, member 7 [Source:MGI Symbol;Acc:MGI:2151053]"
"ENSMUSG00000089669",114.305372270763,-1.26002608502685,0.231976959844649,-5.43168634450019,5.58239802690702e-08,6.2167032123824e-07,"Tnfsf13","11","protein_coding","tumor necrosis factor (ligand) superfamily, member 13 [Source:MGI Symbol;Acc:MGI:1916833]"
"ENSMUSG00000097703",29.7018189668301,-2.65346229716634,0.489340315153621,-5.42252950553099,5.87615112413086e-08,6.53245427758771e-07,"Gm26623","12","lincRNA","predicted gene, 26623 [Source:MGI Symbol;Acc:MGI:5477117]"
"ENSMUSG00000020633",55.4165371949867,-1.82613348275605,0.337903965354317,-5.40429728559479,6.50629581091228e-08,7.16568819010815e-07,"Dcdc2c","12","protein_coding","doublecortin domain containing 2C [Source:MGI Symbol;Acc:MGI:1915761]"
"ENSMUSG00000031790",12.1395755959006,7.09291720675532,1.31558186484018,5.39146775758953,6.98844996441559e-08,7.64786495363402e-07,"Mmp15","8","protein_coding","matrix metallopeptidase 15 [Source:MGI Symbol;Acc:MGI:109320]"
"ENSMUSG00000075010",27.3048304725719,-2.7309669115678,0.507330240624646,-5.38301621485311,7.32479370603752e-08,7.98630059324697e-07,"AW112010","19","lincRNA","expressed sequence AW112010 [Source:MGI Symbol;Acc:MGI:2147706]"
"ENSMUSG00000023915",158.036718473492,1.0021294182586,0.186493599633081,5.37353249779215,7.72088821835923e-08,8.38097299166667e-07,"Tnfrsf21","17","protein_coding","tumor necrosis factor receptor superfamily, member 21 [Source:MGI Symbol;Acc:MGI:2151075]"
"ENSMUSG00000071984",21.2910406932807,-5.94081250050178,1.10795074395071,-5.36198250051994,8.23135159617207e-08,8.88274918588379e-07,"Fndc1","17","protein_coding","fibronectin type III domain containing 1 [Source:MGI Symbol;Acc:MGI:1915905]"
"ENSMUSG00000018102",101.656701182064,-1.32381205089711,0.247775025039335,-5.34279857579248,9.15224450208494e-08,9.80474100328737e-07,"Hist1h2bc","13","protein_coding","histone cluster 1, H2bc [Source:MGI Symbol;Acc:MGI:1915274]"
"ENSMUSG00000021384",40.2490934244704,-2.17171481791213,0.406835057277521,-5.3380719755198,9.39401688756537e-08,1.00200580998264e-06,"Susd3","13","protein_coding","sushi domain containing 3 [Source:MGI Symbol;Acc:MGI:1913579]"
"ENSMUSG00000021619",90.3848791063256,-1.30805202985974,0.245139821662236,-5.33594265097421,9.50494428024756e-08,1.01164175909841e-06,"Atg10","13","protein_coding","autophagy related 10 [Source:MGI Symbol;Acc:MGI:1914045]"
"ENSMUSG00000037921",11.8353639505531,-6.96675889918686,1.3097645725155,-5.3190924883597,1.04286115313793e-07,1.10436898408091e-06,"Ddx60","8","protein_coding","DEAD (Asp-Glu-Ala-Asp) box polypeptide 60 [Source:MGI Symbol;Acc:MGI:2384570]"
"ENSMUSG00000094530",137.065450897988,-1.12049779467974,0.21181970258937,-5.28986577255242,1.22406157700599e-07,1.27608852239359e-06,"Gm21399","8","processed_pseudogene","predicted gene, 21399 [Source:MGI Symbol;Acc:MGI:5434754]"
"ENSMUSG00000026582",42.1540910781017,-2.15310357366128,0.407746511015136,-5.28049539480021,1.28835062822747e-07,1.33932134067004e-06,"Sele","1","protein_coding","selectin, endothelial cell [Source:MGI Symbol;Acc:MGI:98278]"
"ENSMUSG00000042821",27.114798840932,2.71741056430057,0.51602335088225,5.2660612347379,1.39381809494755e-07,1.43379431525624e-06,"Snai1","2","protein_coding","snail family zinc finger 1 [Source:MGI Symbol;Acc:MGI:98330]"
"ENSMUSG00000116755",20.6073128727128,-3.48131415526131,0.661289972746512,-5.26442906854083,1.40625678895994e-07,1.44267665187769e-06,"CT025584.1","16","lincRNA","novel transcript"
"ENSMUSG00000019761",11.0058892771575,6.9533980139697,1.32155480674571,5.26152829869558,1.42862895307234e-07,1.46449369939077e-06,"Krt10","11","protein_coding","keratin 10 [Source:MGI Symbol;Acc:MGI:96685]"
"ENSMUSG00000031958",65.1209351049577,-1.4782339691333,0.281907437197222,-5.24368560060061,1.57400320354812e-07,1.60126854544534e-06,"Ldhd","8","protein_coding","lactate dehydrogenase D [Source:MGI Symbol;Acc:MGI:106428]"
"ENSMUSG00000105359",121.03374928114,-1.47791610316123,0.286182249378689,-5.16424797963477,2.41407485060132e-07,2.37397447449727e-06,"Rpl21-ps10","3","processed_pseudogene","ribosomal protein L21, pseudogene 10 [Source:MGI Symbol;Acc:MGI:3643358]"
"ENSMUSG00000024592",10.3856695244402,6.86816624648165,1.33447920269989,5.14670159908534,2.65106532359802e-07,2.59491061986444e-06,"C330018D20Rik","18","protein_coding","RIKEN cDNA C330018D20 gene [Source:MGI Symbol;Acc:MGI:1924672]"
"ENSMUSG00000027318",19.5195687423561,3.25326229890886,0.632254124033676,5.14549794970666,2.66812116046362e-07,2.60814151368662e-06,"Adam33","2","protein_coding","a disintegrin and metallopeptidase domain 33 [Source:MGI Symbol;Acc:MGI:1341813]"
"ENSMUSG00000046312",64.3850811822836,1.44941724240178,0.28305833114666,5.12056026236798,3.04629247794494e-07,2.95042032965745e-06,"AI464131","4","protein_coding","expressed sequence AI464131 [Source:MGI Symbol;Acc:MGI:2140300]"
"ENSMUSG00000087547",25.4358642111999,2.71105969461005,0.530305484513045,5.11226033632198,3.18326714477854e-07,3.07298893131503e-06,"Platr27","2","lincRNA","pluripotency associated transcript 27 [Source:MGI Symbol;Acc:MGI:1925566]"
"ENSMUSG00000051116",239.925214406786,-1.05604517634669,0.207153636433497,-5.09788384374179,3.43471459058266e-07,3.2941527507989e-06,"Gm8121","5","processed_pseudogene","predicted pseudogene 8121 [Source:MGI Symbol;Acc:MGI:3645325]"
"ENSMUSG00000036565",108.309456009832,1.2469169658795,0.244891287191203,5.09171632923774,3.54836712080948e-07,3.38553266846942e-06,"Ttyh3","5","protein_coding","tweety family member 3 [Source:MGI Symbol;Acc:MGI:1925589]"
"ENSMUSG00000038594",163.700699675746,-1.04666178580152,0.205597083029049,-5.09083966747545,3.56481366262674e-07,3.39902446318116e-06,"Cep85l","10","protein_coding","centrosomal protein 85-like [Source:MGI Symbol;Acc:MGI:3642684]"
"ENSMUSG00000094196",10.151751976708,6.83667527336671,1.34404015308335,5.0866599912828,3.64424307911109e-07,3.46803016327802e-06,"Magea3","X","protein_coding","melanoma antigen, family A, 3 [Source:MGI Symbol;Acc:MGI:1333832]"
"ENSMUSG00000075420",17.9004036499708,-3.80035275965459,0.747767109779332,-5.08226787452056,3.7295494227342e-07,3.54463494780947e-06,"Smim6","11","protein_coding","small integral membrane protein 6 [Source:MGI Symbol;Acc:MGI:1915778]"
"ENSMUSG00000037022",154.23353030207,-1.03096884596366,0.203425663399306,-5.06803728072383,4.01938694063469e-07,3.79077305770288e-06,"Mmaa","8","protein_coding","methylmalonic aciduria (cobalamin deficiency) type A [Source:MGI Symbol;Acc:MGI:1923805]"
"ENSMUSG00000022126",10.0545340624627,-6.74156046950165,1.33539889750601,-5.0483495846014,4.45643134186192e-07,4.16829025446615e-06,"Acod1","14","protein_coding","aconitate decarboxylase 1 [Source:MGI Symbol;Acc:MGI:103206]"
"ENSMUSG00000101191",86.1489688944203,-1.30339140373502,0.26007218901435,-5.01165237496079,5.39646266303818e-07,4.97493784339248e-06,"Gm28809","6","antisense","predicted gene 28809 [Source:MGI Symbol;Acc:MGI:5579515]"
"ENSMUSG00000110276",16.6846926517525,-3.95492095298269,0.791903188252259,-4.99419753784708,5.90809028867127e-07,5.40548531012586e-06,"Gm45330","17","lincRNA","predicted gene 45330 [Source:MGI Symbol;Acc:MGI:5791166]"
"ENSMUSG00000072694",14.9793450310524,4.47807688788119,0.897584636041971,4.98903023521872,6.06831497614764e-07,5.53545984303171e-06,"1500011B03Rik","5","protein_coding","RIKEN cDNA 1500011B03 gene [Source:MGI Symbol;Acc:MGI:1913486]"
"ENSMUSG00000090192",25.7739425762717,-2.49508599769618,0.501053652335375,-4.97967829606025,6.36900538146199e-07,5.77756974326961e-06,"Gm16556","6","processed_transcript","predicted gene 16556 [Source:MGI Symbol;Acc:MGI:4414976]"
"ENSMUSG00000099719",23.0935571305811,-2.68750721349843,0.540114923152669,-4.97580625584526,6.49766131056896e-07,5.87259505696487e-06,"Gm28802","1","unprocessed_pseudogene","predicted gene 28802 [Source:MGI Symbol;Acc:MGI:5579508]"
"ENSMUSG00000011008",27.6386955763809,-2.33534447148802,0.471888531275352,-4.94893246330101,7.46216322489806e-07,6.65455221404854e-06,"Mcoln2","3","protein_coding","mucolipin 2 [Source:MGI Symbol;Acc:MGI:1915529]"
"ENSMUSG00000040253",15.4641192124299,-4.84557396582472,0.980104705207532,-4.94393501028923,7.65612357301505e-07,6.80282806448552e-06,"Gbp7","3","protein_coding","guanylate binding protein 7 [Source:MGI Symbol;Acc:MGI:2444421]"
"ENSMUSG00000035390",9.08516049615671,6.67738157325038,1.35109731389193,4.94219143550491,7.72493072778637e-07,6.85157664610703e-06,"Brsk1","7","protein_coding","BR serine/threonine kinase 1 [Source:MGI Symbol;Acc:MGI:2685946]"
"ENSMUSG00000016496",117.893764462202,-1.03825946423141,0.210344542773961,-4.93599430029965,7.97434360793931e-07,7.06429081277845e-06,"Cd274","19","protein_coding","CD274 antigen [Source:MGI Symbol;Acc:MGI:1926446]"
"ENSMUSG00000067203",132.342769691947,-1.12048827138166,0.227278323940912,-4.93002699048836,8.22182567268768e-07,7.27042185009532e-06,"H2-K2","17","unprocessed_pseudogene","histocompatibility 2, K region locus 2 [Source:MGI Symbol;Acc:MGI:95906]"
"ENSMUSG00000107215",44.505844995356,-1.79991970179066,0.3657114313852,-4.92169384744996,8.57983601537271e-07,7.56798566590726e-06,"Gm43197","6","TEC","predicted gene 43197 [Source:MGI Symbol;Acc:MGI:5663334]"
"ENSMUSG00000022146",86.9517844346294,-1.41517040251891,0.288054391968682,-4.9128582725195,8.9758161118077e-07,7.88983335147032e-06,"Osmr","15","protein_coding","oncostatin M receptor [Source:MGI Symbol;Acc:MGI:1330819]"
"ENSMUSG00000019823",126.450832712929,1.01639320779469,0.206963849511599,4.9109697669096,9.06270619429738e-07,7.93781057695411e-06,"Mical1","10","protein_coding","microtubule associated monooxygenase, calponin and LIM domain containing 1 [Source:MGI Symbol;Acc:MGI:2385847]"
"ENSMUSG00000016758",127.464196340187,-1.12296827701811,0.228701270643855,-4.910196930068,9.0984974331248e-07,7.96442699891286e-06,"Bik","15","protein_coding","BCL2-interacting killer [Source:MGI Symbol;Acc:MGI:1206591]"
"ENSMUSG00000023861",221.598972557976,-1.00417238905924,0.20615886121236,-4.87086697682554,1.11109628252489e-06,9.572571771303e-06,"Mpc1","17","protein_coding","mitochondrial pyruvate carrier 1 [Source:MGI Symbol;Acc:MGI:1915240]"
"ENSMUSG00000020668",41.5268915746869,1.74501049451634,0.359669195501226,4.85170961634492,1.2240174917257e-06,1.04537901770154e-05,"Kif3c","12","protein_coding","kinesin family member 3C [Source:MGI Symbol;Acc:MGI:107979]"
"ENSMUSG00000093686",51.3632340346806,-1.82239549993554,0.376610605552088,-4.83893834392692,1.3053453018109e-06,1.10714010897552e-05,"Gm4705","17","processed_pseudogene","predicted gene 4705 [Source:MGI Symbol;Acc:MGI:3782885]"
"ENSMUSG00000021260",50.7120400393075,-1.58836586705128,0.328320889369047,-4.83784589553146,1.3125384042995e-06,1.11260084058533e-05,"Hhipl1","12","protein_coding","hedgehog interacting protein-like 1 [Source:MGI Symbol;Acc:MGI:1919265]"
"ENSMUSG00000068874",13.4824058944877,4.80882848320115,0.997852049228464,4.81917984426581,1.44149569857692e-06,1.21215562422832e-05,"Selenbp1","3","protein_coding","selenium binding protein 1 [Source:MGI Symbol;Acc:MGI:96825]"
"ENSMUSG00000002699",8.68034754795032,-6.51827356523642,1.35974082437075,-4.79376175842398,1.6368264501862e-06,1.36318975718615e-05,"Lcp2","11","protein_coding","lymphocyte cytosolic protein 2 [Source:MGI Symbol;Acc:MGI:1321402]"
"ENSMUSG00000062345",14.946881382806,-4.03548945608045,0.844666088652933,-4.77761509582588,1.77386518761978e-06,1.46737074807537e-05,"Serpinb2","1","protein_coding","serine (or cysteine) peptidase inhibitor, clade B, member 2 [Source:MGI Symbol;Acc:MGI:97609]"
"ENSMUSG00000107092",200.092306341474,-1.01349745597771,0.212424244735473,-4.77110066809837,1.83221933990011e-06,1.51055622424315e-05,"Gm7993","5","processed_pseudogene","predicted gene 7993 [Source:MGI Symbol;Acc:MGI:3647399]"
"ENSMUSG00000041000",24.6301953649806,2.31133430049118,0.485360536728699,4.76209771002281,1.91590869938026e-06,1.57339332242699e-05,"Trim62","4","protein_coding","tripartite motif-containing 62 [Source:MGI Symbol;Acc:MGI:1914775]"
"ENSMUSG00000029605",75.0009124303283,-5.34945796298709,1.12463853922408,-4.75660203382131,1.96878749863158e-06,1.61053809752098e-05,"Oas1b","5","polymorphic_pseudogene","2'-5' oligoadenylate synthetase 1B [Source:MGI Symbol;Acc:MGI:97430]"
"ENSMUSG00000041827",23.0139821644188,-2.52334687944636,0.531251490711599,-4.74981609193491,2.03601722728706e-06,1.66092584103147e-05,"Oasl1","5","protein_coding","2'-5' oligoadenylate synthetase-like 1 [Source:MGI Symbol;Acc:MGI:2180849]"
"ENSMUSG00000079547",45.4588412031522,-1.64558657372145,0.347724669005932,-4.73244126862158,2.21835502400292e-06,1.79459916807996e-05,"H2-DMb1","17","protein_coding","histocompatibility 2, class II, locus Mb1 [Source:MGI Symbol;Acc:MGI:95922]"
"ENSMUSG00000100094",123.700878061327,-1.0089056438089,0.213620247801003,-4.72289333148207,2.32512816208697e-06,1.87498436746849e-05,"1810008I18Rik","7","lincRNA","RIKEN cDNA 1810008I18 gene [Source:MGI Symbol;Acc:MGI:1920875]"
"ENSMUSG00000050199",115.906954265255,1.00699378244099,0.213274661034491,4.72158191487237,2.34017344600464e-06,1.88608511577662e-05,"Lgr4","2","protein_coding","leucine-rich repeat-containing G protein-coupled receptor 4 [Source:MGI Symbol;Acc:MGI:1891468]"
"ENSMUSG00000096768",48.3421377478765,-1.75126156836386,0.371993611970707,-4.70777323053001,2.50437476713457e-06,2.00417961141861e-05,"Gm47283","Y","protein_coding","predicted gene, 47283 [Source:MGI Symbol;Acc:MGI:6096131]"
"ENSMUSG00000030584",94.1967223461975,1.15996298121928,0.247050081746691,4.6952543914097,2.66275134385513e-06,2.11485008403925e-05,"Dpf1","7","protein_coding","D4, zinc and double PHD fingers family 1 [Source:MGI Symbol;Acc:MGI:1352748]"
"ENSMUSG00000025920",65.928741996169,1.46335030866835,0.311800509211835,4.69322616684426,2.68929890073663e-06,2.13363590396979e-05,"Stau2","1","protein_coding","staufen double-stranded RNA binding protein 2 [Source:MGI Symbol;Acc:MGI:1352508]"
"ENSMUSG00000043460",40.5576989416274,1.9584983185055,0.417982784275558,4.68559565652911,2.79146884068499e-06,2.20756664058677e-05,"Elfn2","15","protein_coding","leucine rich repeat and fibronectin type III, extracellular 2 [Source:MGI Symbol;Acc:MGI:3608416]"
"ENSMUSG00000000732",33.8517654558457,-1.92598844331971,0.411810688607786,-4.6768782273013,2.91275105191179e-06,2.29309664944326e-05,"Icosl","10","protein_coding","icos ligand [Source:MGI Symbol;Acc:MGI:1354701]"
"ENSMUSG00000027612",14.868946636607,-3.51353664017733,0.75673837823722,-4.6430004625402,3.43385581742408e-06,2.65713745956159e-05,"Mmp24","2","protein_coding","matrix metallopeptidase 24 [Source:MGI Symbol;Acc:MGI:1341867]"
"ENSMUSG00000097908",44.1330106242532,1.56878565825976,0.338482118440733,4.6347667211686,3.57340222130431e-06,2.75643757950009e-05,"4933404O12Rik","5","lincRNA","RIKEN cDNA 4933404O12 gene [Source:MGI Symbol;Acc:MGI:1914002]"
"ENSMUSG00000020623",23.68927095144,-2.33130244323904,0.504533971723809,-4.62070459849083,3.8243898350386e-06,2.92251584024386e-05,"Map2k6","11","protein_coding","mitogen-activated protein kinase kinase 6 [Source:MGI Symbol;Acc:MGI:1346870]"
"ENSMUSG00000091898",73.4954341111295,-1.27793586747161,0.276625518873918,-4.61973238287564,3.84235317267836e-06,2.93472166416848e-05,"Tnnc1","14","protein_coding","troponin C, cardiac/slow skeletal [Source:MGI Symbol;Acc:MGI:98779]"
"ENSMUSG00000078763",7.89844563601879,-6.37433815435486,1.38690372178912,-4.59609275987227,4.30487112633557e-06,3.2430897447967e-05,"Slfn1","11","protein_coding","schlafen 1 [Source:MGI Symbol;Acc:MGI:1313259]"
"ENSMUSG00000079671",86.8443147766226,-1.1018204008626,0.240101786477293,-4.58897210648951,4.45433938661711e-06,3.34665733425702e-05,"2610203C22Rik","1","processed_transcript","RIKEN cDNA 2610203C22 gene [Source:MGI Symbol;Acc:MGI:1919731]"
"ENSMUSG00000113079",28.3246165255629,-2.00106555893297,0.437214941169187,-4.57684623856124,4.72038147541948e-06,3.52141413609102e-05,"Gm48709","12","lincRNA","predicted gene, 48709 [Source:MGI Symbol;Acc:MGI:6098353]"
"ENSMUSG00000114184",232.948057400746,-1.02211071979249,0.22356042513218,-4.57196625560254,4.83168761812707e-06,3.59716702923289e-05,"Gm7143","12","processed_pseudogene","predicted gene 7143 [Source:MGI Symbol;Acc:MGI:3646528]"
"ENSMUSG00000095562",130.98150919335,-2.37353913715666,0.520663346083274,-4.55868298587134,5.14754031612638e-06,3.81305988944819e-05,"Gm21887","X","protein_coding","predicted gene, 21887 [Source:MGI Symbol;Acc:MGI:5434051]"
"ENSMUSG00000097990",67.0884007643395,-1.28238428437753,0.281442643962488,-4.55646758544683,5.20210627214152e-06,3.84767930545099e-05,"Gm19557","19","antisense","predicted gene, 19557 [Source:MGI Symbol;Acc:MGI:5011742]"
"ENSMUSG00000045693",20.5456669597678,-2.62877635104777,0.578949085804658,-4.54060022807383,5.60943045935669e-06,4.12412041902129e-05,"Nlrp4e","7","protein_coding","NLR family, pyrin domain containing 4E [Source:MGI Symbol;Acc:MGI:3056600]"
"ENSMUSG00000039239",87.5477829207869,-1.0924057531276,0.242417213247512,-4.50630439354251,6.59664388372608e-06,4.78548855757905e-05,"Tgfb2","1","protein_coding","transforming growth factor, beta 2 [Source:MGI Symbol;Acc:MGI:98726]"
"ENSMUSG00000042306",96.9375234210544,-1.01995858417013,0.227302589682006,-4.48722817279399,7.21557853233725e-06,5.18599917821469e-05,"S100a14","3","protein_coding","S100 calcium binding protein A14 [Source:MGI Symbol;Acc:MGI:1913416]"
"ENSMUSG00000011171",11.6877271535459,4.64152202992376,1.03584026884947,4.4809244914558,7.43204039242966e-06,5.32599452721466e-05,"Vipr2","12","protein_coding","vasoactive intestinal peptide receptor 2 [Source:MGI Symbol;Acc:MGI:107166]"
"ENSMUSG00000029586",36.5220139584119,-1.68333627369803,0.376547050887064,-4.47045401028226,7.80537272154785e-06,5.57186437231655e-05,"Spdye4b","5","protein_coding","speedy/RINGO cell cycle regulator family, member E4B [Source:MGI Symbol;Acc:MGI:3612701]"
"ENSMUSG00000057143",50.8450823757041,-1.68901695816773,0.378154947942943,-4.46646795805664,7.95215660177825e-06,5.66293432206827e-05,"Trim12c","7","protein_coding","tripartite motif-containing 12C [Source:MGI Symbol;Acc:MGI:4821183]"
"ENSMUSG00000056679",7.43124057711304,6.38156771108327,1.43309776333256,4.4529883964395,8.46833326737899e-06,6.01888624370461e-05,"Gpr173","X","protein_coding","G-protein coupled receptor 173 [Source:MGI Symbol;Acc:MGI:1918021]"
"ENSMUSG00000006143",59.0753914192101,-1.4152247912684,0.318326145797565,-4.4458327094765,8.75520626313943e-06,6.18995182373805e-05,"Upk3bl","5","protein_coding","uroplakin 3B-like [Source:MGI Symbol;Acc:MGI:1916915]"
"ENSMUSG00000053046",15.0094675378039,3.3833256664244,0.761830768624856,4.44104623462698,8.952255598048e-06,6.31110472361672e-05,"Brsk2","7","protein_coding","BR serine/threonine kinase 2 [Source:MGI Symbol;Acc:MGI:1923020]"
"ENSMUSG00000105102",36.1662490254506,-1.94906961510881,0.439545541704825,-4.43428366387049,9.23789289994465e-06,6.48147449967083e-05,"Gm35507","3","lincRNA","predicted gene, 35507 [Source:MGI Symbol;Acc:MGI:5594666]"
"ENSMUSG00000007783",70.3052754585673,1.18435977724164,0.267234978166982,4.43190403204477,9.34045914206749e-06,6.55031913478672e-05,"Cpt1c","7","protein_coding","carnitine palmitoyltransferase 1c [Source:MGI Symbol;Acc:MGI:2446526]"
"ENSMUSG00000067724",48.5068053836951,-1.49556917980635,0.337719547329528,-4.42843534415571,9.49191636118215e-06,6.65020623004687e-05,"Gbx1","5","protein_coding","gastrulation brain homeobox 1 [Source:MGI Symbol;Acc:MGI:95667]"
"ENSMUSG00000097804",36.1427862042798,-1.69809228593964,0.383495737310878,-4.42793001519883,9.51417594877815e-06,6.66235727838123e-05,"Gm16685","3","antisense","predicted gene, 16685 [Source:MGI Symbol;Acc:MGI:4439609]"
"ENSMUSG00000104713",12.8022258722867,-4.59015714013849,1.04045937517109,-4.41166397235233,1.02579226092593e-05,7.15219984260191e-05,"Gbp6","5","protein_coding","guanylate binding protein 6 [Source:MGI Symbol;Acc:MGI:2140937]"
"ENSMUSG00000027495",115.585209916604,1.06111525003839,0.241412819438962,4.39543870331491,1.10549257204799e-05,7.64355816348938e-05,"Fam210b","2","protein_coding","family with sequence similarity 210, member B [Source:MGI Symbol;Acc:MGI:1914267]"
"ENSMUSG00000043587",94.0361269352714,1.01467194568046,0.230894855109111,4.39451951062733,1.11018033072449e-05,7.66877612708986e-05,"Pxylp1","9","protein_coding","2-phosphoxylose phosphatase 1 [Source:MGI Symbol;Acc:MGI:2442444]"
"ENSMUSG00000030922",63.1262128718179,-1.31793527710998,0.300401186141166,-4.38725057660273,1.1479251518354e-05,7.88884133482783e-05,"Lyrm1","7","protein_coding","LYR motif containing 1 [Source:MGI Symbol;Acc:MGI:1921169]"
"ENSMUSG00000000244",20.1552961818166,-2.58990636465146,0.59333519621165,-4.36499702223565,1.27124490280592e-05,8.63170018989498e-05,"Tspan32","7","protein_coding","tetraspanin 32 [Source:MGI Symbol;Acc:MGI:1350360]"
"ENSMUSG00000039745",32.03795112531,-1.91390461077772,0.438635296007432,-4.36331646859832,1.28105416902785e-05,8.69235967424917e-05,"Htatip2","7","protein_coding","HIV-1 Tat interactive protein 2 [Source:MGI Symbol;Acc:MGI:1859271]"
"ENSMUSG00000066554",47.5904641600705,1.39512569396092,0.320001800987761,4.35974325661462,1.30215130374354e-05,8.82123730169278e-05,"Gm10167","5","processed_pseudogene","predicted pseudogene 10167 [Source:MGI Symbol;Acc:MGI:3704263]"
"ENSMUSG00000043029",35.6192155790452,-1.73816245037847,0.400171540821356,-4.34354338844506,1.40202771547435e-05,9.39849502219526e-05,"Trpv3","11","protein_coding","transient receptor potential cation channel, subfamily V, member 3 [Source:MGI Symbol;Acc:MGI:2181407]"
"ENSMUSG00000067577",26.8897417858053,-2.08302212281537,0.479702843196298,-4.34231765010195,1.40987490836528e-05,9.43822253597303e-05,"A430093F15Rik","19","processed_transcript","RIKEN cDNA A430093F15 gene [Source:MGI Symbol;Acc:MGI:2685520]"
"ENSMUSG00000052085",56.0944044666957,1.39679760835845,0.324228872569818,4.30806052924134,1.64692319924216e-05,0.00010847763574633,"Dock8","19","protein_coding","dedicator of cytokinesis 8 [Source:MGI Symbol;Acc:MGI:1921396]"
"ENSMUSG00000058966",42.8247507125121,1.71285952153129,0.397671841430501,4.30721852311647,1.65320268126481e-05,0.000108842611543209,"Fam57b","7","protein_coding","family with sequence similarity 57, member B [Source:MGI Symbol;Acc:MGI:1916202]"
"ENSMUSG00000034266",9.55327779109103,5.7622806228844,1.34177595492979,4.29451772608781,1.75073493693297e-05,0.00011439531784277,"Batf","12","protein_coding","basic leucine zipper transcription factor, ATF-like [Source:MGI Symbol;Acc:MGI:1859147]"
"ENSMUSG00000021703",11.8388416866224,3.50110085686427,0.815662559300118,4.29233978799812,1.76800113827318e-05,0.000115319047695951,"Serinc5","13","protein_coding","serine incorporator 5 [Source:MGI Symbol;Acc:MGI:2444223]"
"ENSMUSG00000038552",23.71397625483,2.13594647094356,0.503451405404902,4.24260702823088,2.20938115175095e-05,0.000140563174613555,"Fndc4","5","protein_coding","fibronectin type III domain containing 4 [Source:MGI Symbol;Acc:MGI:1917195]"
"ENSMUSG00000030142",6.19095055530048,-6.02821559285718,1.42283109270756,-4.23677527413731,2.26752880182828e-05,0.000143828063974831,"Clec4e","6","protein_coding","C-type lectin domain family 4, member e [Source:MGI Symbol;Acc:MGI:1861232]"
"ENSMUSG00000034959",22.6154820978982,2.16989079473142,0.515359608707984,4.21044016268829,2.5487362516846e-05,0.000160559491820866,"Rubcnl","14","protein_coding","RUN and cysteine rich domain containing beclin 1 interacting protein like [Source:MGI Symbol;Acc:MGI:2685590]"
"ENSMUSG00000027901",43.6126373192989,-1.48127572097877,0.353379259930695,-4.19174492942589,2.76817120609987e-05,0.000172612570850753,"Dennd2d","3","protein_coding","DENN/MADD domain containing 2D [Source:MGI Symbol;Acc:MGI:2181193]"
"ENSMUSG00000092574",31.3237667139799,-2.2662656330058,0.54195280131478,-4.18166605561928,2.8938078749317e-05,0.00017968669706979,"2810047C21Rik1","7","transcribed_unprocessed_pseudogene","RIKEN cDNA 2810047C21 gene 1 [Source:MGI Symbol;Acc:MGI:1919966]"
"ENSMUSG00000039037",20.8269136942029,2.28892379915114,0.547678657208695,4.17931896564473,2.92383362444543e-05,0.000181474658770316,"St6galnac5","3","protein_coding","ST6 (alpha-N-acetyl-neuraminyl-2,3-beta-galactosyl-1,3)-N-acetylgalactosaminide alpha-2,6-sialyltransferase 5 [Source:MGI Symbol;Acc:MGI:1349471]"
"ENSMUSG00000085786",19.4547416607542,-2.40644763412171,0.575860858857328,-4.17886994246629,2.92961151264472e-05,0.000181756747928854,"Gm15987","6","antisense","predicted gene 15987 [Source:MGI Symbol;Acc:MGI:3801849]"
"ENSMUSG00000021792",58.72913980271,-1.2148300472947,0.290793247408745,-4.1776418748373,2.94546938139271e-05,0.00018259936815062,"Fam213a","14","protein_coding","family with sequence similarity 213, member A [Source:MGI Symbol;Acc:MGI:1917814]"
"ENSMUSG00000047496",98.9753860562482,1.1413999264023,0.273414449015349,4.17461451109422,2.98491051363489e-05,0.000184798680728651,"Rnf152","1","protein_coding","ring finger protein 152 [Source:MGI Symbol;Acc:MGI:2443787]"
"ENSMUSG00000001166",22.4082678675615,-2.14415130354684,0.514558455126513,-4.16697322176868,3.08670740948751e-05,0.000190381397168433,"Oas1c","5","protein_coding","2'-5' oligoadenylate synthetase 1C [Source:MGI Symbol;Acc:MGI:2149633]"
"ENSMUSG00000030621",65.443630959852,-1.19509237703688,0.287061113776434,-4.16319842598963,3.1382042337569e-05,0.000192992359657115,"Me3","7","protein_coding","malic enzyme 3, NADP(+)-dependent, mitochondrial [Source:MGI Symbol;Acc:MGI:1916679]"
"ENSMUSG00000049233",36.7211436252378,-1.61858496744559,0.388803950947831,-4.1629848757961,3.14114180966747e-05,0.000193092457949575,"Apoo-ps","13","processed_pseudogene","apolipoprotein O, pseudogene [Source:MGI Symbol;Acc:MGI:3649039]"
"ENSMUSG00000039742",78.0961897008385,-1.16882611244858,0.281709379358069,-4.14904933272717,3.3385886380809e-05,0.000204038702794157,"Fam71f1","6","protein_coding","family with sequence similarity 71, member F1 [Source:MGI Symbol;Acc:MGI:3032524]"
"ENSMUSG00000059625",5.90126545706608,6.05885103319273,1.46221380882929,4.1436149738209,3.4187354763962e-05,0.000208332284652982,"Sohlh1","2","protein_coding","spermatogenesis and oogenesis specific basic helix-loop-helix 1 [Source:MGI Symbol;Acc:MGI:2684956]"
"ENSMUSG00000047591",41.7309551426909,1.42918912863529,0.344942133009267,4.14327213717581,3.42385248874989e-05,0.000208471745298067,"Mafa","15","protein_coding","v-maf musculoaponeurotic fibrosarcoma oncogene family, protein A (avian) [Source:MGI Symbol;Acc:MGI:2673307]"
"ENSMUSG00000041347",6.0809472362838,-6.00187510188843,1.45037443924452,-4.13815559588511,3.50108918954801e-05,0.000212647530874031,"Bdkrb1","12","protein_coding","bradykinin receptor, beta 1 [Source:MGI Symbol;Acc:MGI:88144]"
"ENSMUSG00000039899",20.3577472223147,2.20997571112389,0.537974027187128,4.1079598631909,3.99169449307607e-05,0.000239387992361409,"Fgl2","5","protein_coding","fibrinogen-like protein 2 [Source:MGI Symbol;Acc:MGI:103266]"
"ENSMUSG00000073821",5.87019592318436,-5.94646593377157,1.44833043689325,-4.10573842977923,4.03025332153997e-05,0.000241503919564312,"8030451A03Rik","4","processed_transcript","RIKEN cDNA 8030451A03 gene [Source:MGI Symbol;Acc:MGI:1915353]"
"ENSMUSG00000044636",88.5140589620634,1.03953362799527,0.253233151898666,4.10504556848563,4.04235189128615e-05,0.000242032125221158,"Csrnp2","15","protein_coding","cysteine-serine-rich nuclear protein 2 [Source:MGI Symbol;Acc:MGI:2386852]"
"ENSMUSG00000020010",5.736082458447,-5.92226084212692,1.44810851402283,-4.08965266399473,4.32019642943208e-05,0.000256686882572585,"Vnn3","10","protein_coding","vanin 3 [Source:MGI Symbol;Acc:MGI:1347055]"
"ENSMUSG00000052373",19.0116799397418,2.4589376811744,0.602676866109373,4.08002666013757,4.50305359117917e-05,0.000265730636459456,"Mpp3","11","protein_coding","membrane protein, palmitoylated 3 (MAGUK p55 subfamily member 3) [Source:MGI Symbol;Acc:MGI:1328354]"
"ENSMUSG00000078435",87.9067601782385,-1.00228495996009,0.245971426270672,-4.07480240756565,4.60534329081824e-05,0.000271007446905995,"AU041133","10","protein_coding","expressed sequence AU041133 [Source:MGI Symbol;Acc:MGI:2143755]"
"ENSMUSG00000090326",22.3977483571924,-2.07669282464953,0.509828262869749,-4.07331836206986,4.63480004818439e-05,0.000272306048267382,"Dthd1","5","protein_coding","death domain containing 1 [Source:MGI Symbol;Acc:MGI:4937018]"
"ENSMUSG00000115437",80.4486741372706,-1.06865990753567,0.26306151838305,-4.06239542029697,4.85717098742888e-05,0.000284125228276544,"Gm49314","15","TEC","predicted gene, 49314 [Source:MGI Symbol;Acc:MGI:6118821]"
"ENSMUSG00000053897",13.871646081702,2.90190431344576,0.715133380609942,4.05785045437357,4.95264637921753e-05,0.000288907638607225,"Slc39a8","3","protein_coding","solute carrier family 39 (metal ion transporter), member 8 [Source:MGI Symbol;Acc:MGI:1914797]"
"ENSMUSG00000079563",10.5416099770241,-4.27940927517673,1.05541124636652,-4.05473154650333,5.01919114791819e-05,0.000292442279491945,"Pglyrp2","17","protein_coding","peptidoglycan recognition protein 2 [Source:MGI Symbol;Acc:MGI:1928099]"
"ENSMUSG00000039217",32.9578717010283,-1.93529800568456,0.479707863168901,-4.03432621033181,5.47592007734576e-05,0.000316427039828122,"Il18","9","protein_coding","interleukin 18 [Source:MGI Symbol;Acc:MGI:107936]"
"ENSMUSG00000043391",79.8555045585626,1.14374996347331,0.283660821193062,4.0321041117443,5.5279686329612e-05,0.000319059458177295,"2510009E07Rik","16","protein_coding","RIKEN cDNA 2510009E07 gene [Source:MGI Symbol;Acc:MGI:1919440]"
"ENSMUSG00000056413",10.096270104541,4.89591808016321,1.21513623028586,4.02911044715656,5.59883107320401e-05,0.000323022970059101,"Adap1","5","protein_coding","ArfGAP with dual PH domains 1 [Source:MGI Symbol;Acc:MGI:2442201]"
"ENSMUSG00000085135",25.9720589576181,-1.95129115888019,0.485077390759937,-4.02263885320081,5.7549705578633e-05,0.000331512391533657,"Gm13713","2","antisense","predicted gene 13713 [Source:MGI Symbol;Acc:MGI:3650490]"
"ENSMUSG00000026981",33.3344321822598,-1.57219844260207,0.390962565480473,-4.02135289006486,5.78648411132968e-05,0.000333067404471342,"Il1rn","2","protein_coding","interleukin 1 receptor antagonist [Source:MGI Symbol;Acc:MGI:96547]"
"ENSMUSG00000057137",57.0964802152024,-1.26668536869472,0.316717624482396,-3.99941547542493,6.34991208141866e-05,0.000362806410822451,"Tmem140","6","protein_coding","transmembrane protein 140 [Source:MGI Symbol;Acc:MGI:1915737]"
"ENSMUSG00000074817",12.7433227056074,-3.07255946827495,0.769258240739768,-3.99418466459349,6.49172547800725e-05,0.000369619641835863,"Papolb","5","protein_coding","poly (A) polymerase beta (testis specific) [Source:MGI Symbol;Acc:MGI:1932115]"
"ENSMUSG00000047822",67.1201186248706,-1.19006830858455,0.298418162849893,-3.98792183833382,6.66546150205661e-05,0.000377760738184608,"Angptl8","9","protein_coding","angiopoietin-like 8 [Source:MGI Symbol;Acc:MGI:3643534]"
"ENSMUSG00000115970",13.7425977923508,-3.18010341641965,0.798634109987775,-3.98192786489965,6.83585285834613e-05,0.000386525918622479,"8430426J06Rik","15","lincRNA","RIKEN cDNA 8430426J06 gene [Source:MGI Symbol;Acc:MGI:1925352]"
"ENSMUSG00000054418",14.4106643564144,2.7121688963438,0.682840487240552,3.971892333602,7.13039475003539e-05,0.000400110959308229,"2900041M22Rik","11","processed_transcript","RIKEN cDNA 2900041M22 gene [Source:MGI Symbol;Acc:MGI:1925653]"
"ENSMUSG00000066000",69.0577194202188,-1.12494059586309,0.284034268015538,-3.96058054446287,7.47677680562851e-05,0.000416063295174669,"Zfp979","4","protein_coding","zinc finger protein 979 [Source:MGI Symbol;Acc:MGI:2148252]"
"ENSMUSG00000040624",12.2172887572122,3.20716945983844,0.810753084352191,3.95579063680163,7.62819457218175e-05,0.000424169053898646,"Plekhg1","10","protein_coding","pleckstrin homology domain containing, family G (with RhoGef domain) member 1 [Source:MGI Symbol;Acc:MGI:2676551]"
"ENSMUSG00000030890",65.7351785766574,-1.46967076427406,0.372506973226477,-3.94535101328299,7.96831645800886e-05,0.000440588720583303,"Ilk","7","protein_coding","integrin linked kinase [Source:MGI Symbol;Acc:MGI:1195267]"
"ENSMUSG00000034872",12.0813922189336,3.08960963331974,0.785271634285153,3.93444700970546,8.33884629371043e-05,0.000459181670584929,"Gipc3","10","protein_coding","GIPC PDZ domain containing family, member 3 [Source:MGI Symbol;Acc:MGI:2387006]"
"ENSMUSG00000078851",22.0092248549933,-2.12879246662289,0.542455860226027,-3.92436071339681,8.69603551378804e-05,0.000476713497615283,"Hist3h2a","11","protein_coding","histone cluster 3, H2a [Source:MGI Symbol;Acc:MGI:2448458]"
"ENSMUSG00000078922",5.3461196042792,-5.82429497496877,1.48726917870853,-3.91610009697526,8.99928958145298e-05,0.000491692096813189,"Tgtp1","11","protein_coding","T cell specific GTPase 1 [Source:MGI Symbol;Acc:MGI:98734]"
"ENSMUSG00000022296",51.818893373778,-1.33174665033085,0.341721532442754,-3.89716925594656,9.73236032277657e-05,0.000528415187911784,"Baalc","15","protein_coding","brain and acute leukemia, cytoplasmic [Source:MGI Symbol;Acc:MGI:1928704]"
"ENSMUSG00000031553",59.7708366689833,-1.21196055487745,0.311196631138573,-3.89451695040288,9.83946116099475e-05,0.000533297584510615,"Adam3","8","protein_coding","a disintegrin and metallopeptidase domain 3 (cyritestin) [Source:MGI Symbol;Acc:MGI:102518]"
"ENSMUSG00000051506",37.7816771858075,-1.43322386154882,0.369925479112701,-3.87435833018731,0.000106906012722474,0.000573472173778016,"Wdfy4","14","protein_coding","WD repeat and FYVE domain containing 4 [Source:MGI Symbol;Acc:MGI:3584510]"
"ENSMUSG00000031289",10.3746666929558,-3.50791634718611,0.905826604477373,-3.87261351107041,0.000107674500981742,0.000576821164002432,"Il13ra2","X","protein_coding","interleukin 13 receptor, alpha 2 [Source:MGI Symbol;Acc:MGI:1277954]"
"ENSMUSG00000025887",55.5718468683032,-1.1777272783478,0.304598850132317,-3.86648629118658,0.000110414667486504,0.000589932081702993,"Casp12","9","protein_coding","caspase 12 [Source:MGI Symbol;Acc:MGI:1312922]"
"ENSMUSG00000091594",14.6790272134983,2.63912621708063,0.683718097885834,3.85996249805473,0.00011340442783368,0.000604809938746844,"Gm17067","7","protein_coding","predicted gene 17067 [Source:MGI Symbol;Acc:MGI:4937894]"
"ENSMUSG00000040828",24.8168476216171,-1.92508797960569,0.498769654233141,-3.85967342493102,0.000113538656700734,0.000605087974846535,"Catsperd","17","protein_coding","cation channel sperm associated auxiliary subunit delta [Source:MGI Symbol;Acc:MGI:2147030]"
"ENSMUSG00000059970",47.5314478132579,1.27371684136601,0.330207407863792,3.85732364275548,0.000114635333248506,0.000609830186725452,"Hspa2","12","protein_coding","heat shock protein 2 [Source:MGI Symbol;Acc:MGI:96243]"
"ENSMUSG00000040650",4.84597278257539,5.77661697476357,1.49987808909756,3.85139100087743,0.000117448803506322,0.000623222754674836,"Cyp2b23","7","protein_coding","cytochrome P450, family 2, subfamily b, polypeptide 23 [Source:MGI Symbol;Acc:MGI:3646735]"
"ENSMUSG00000073640",129.043710301667,-1.04409491443305,0.271565822161757,-3.84472135013789,0.000120689501864717,0.000639268396330506,"Rpl27-ps3","18","protein_coding","ribosomal protein L27, pseudogene 3 [Source:MGI Symbol;Acc:MGI:3646174]"
"ENSMUSG00000053886",42.3674370850408,-1.32988898926915,0.351513036420965,-3.78332764784433,0.000154745492150525,0.000798426076230625,"Sh2d4a","8","protein_coding","SH2 domain containing 4A [Source:MGI Symbol;Acc:MGI:1919531]"
"ENSMUSG00000026581",10.903551330756,-3.26513330028513,0.863780181700495,-3.78005118600565,0.000156796121171029,0.000807311080049647,"Sell","1","protein_coding","selectin, lymphocyte [Source:MGI Symbol;Acc:MGI:98279]"
"ENSMUSG00000017314",47.7233888662976,1.21988409960409,0.323309507494167,3.77311545540026,0.000161221633793018,0.000826920008261268,"Mpp2","11","protein_coding","membrane protein, palmitoylated 2 (MAGUK p55 subfamily member 2) [Source:MGI Symbol;Acc:MGI:1858257]"
"ENSMUSG00000024210",63.5861623500289,-1.19224480621651,0.316283207956312,-3.76954822837511,0.000163543305656117,0.000836789957888517,"Ip6k3","17","protein_coding","inositol hexaphosphate kinase 3 [Source:MGI Symbol;Acc:MGI:3045325]"
"ENSMUSG00000057604",4.54609290574976,5.68288341485951,1.51084836341916,3.76138569061871,0.000168974640440821,0.000861589475869297,"Lmcd1","6","protein_coding","LIM and cysteine-rich domains 1 [Source:MGI Symbol;Acc:MGI:1353635]"
"ENSMUSG00000036957",62.4715900563215,1.11726354740435,0.297132812700281,3.7601486596209,0.0001698124152352,0.000864963653414682,"Lrfn3","7","protein_coding","leucine rich repeat and fibronectin type III domain containing 3 [Source:MGI Symbol;Acc:MGI:2442512]"
"ENSMUSG00000000142",12.2516407689569,2.72229613466786,0.724679123041289,3.75655382929081,0.000172269230121177,0.000874757396216419,"Axin2","11","protein_coding","axin 2 [Source:MGI Symbol;Acc:MGI:1270862]"
"ENSMUSG00000067629",67.6043934134326,1.11103842104094,0.295779236641129,3.75630971821383,0.000172437269353636,0.000875007844248518,"Syngap1","17","protein_coding","synaptic Ras GTPase activating protein 1 homolog (rat) [Source:MGI Symbol;Acc:MGI:3039785]"
"ENSMUSG00000043614",27.5006451775348,1.82137376260954,0.484941946132974,3.75585939128084,0.000172747666403089,0.000875979824715493,"Vps37d","5","protein_coding","vacuolar protein sorting 37D [Source:MGI Symbol;Acc:MGI:2159402]"
"ENSMUSG00000115681",32.027073684008,-1.62556505256689,0.433146292904396,-3.75292384858453,0.000174783962974199,0.000885313554055798,"Gm2682","15","lincRNA","predicted gene 2682 [Source:MGI Symbol;Acc:MGI:3780851]"
"ENSMUSG00000092390",77.7638010151414,-1.09729191766022,0.292777342622593,-3.74787170288206,0.000178341431230939,0.000901553853832398,"Gm20541","17","unprocessed_pseudogene","predicted gene 20541 [Source:MGI Symbol;Acc:MGI:5142006]"
"ENSMUSG00000008193",30.1977968038879,-1.58136815847031,0.423204970752096,-3.73664835661074,0.000186489437037679,0.000938239177942807,"Spib","7","protein_coding","Spi-B transcription factor (Spi-1/PU.1 related) [Source:MGI Symbol;Acc:MGI:892986]"
"ENSMUSG00000058755",36.4075028794943,-1.56095673679336,0.420277866388887,-3.71410645582032,0.000203922943213979,0.00101417952291406,"Osm","11","protein_coding","oncostatin M [Source:MGI Symbol;Acc:MGI:104749]"
"ENSMUSG00000090066",30.9480556560064,-1.61501975446603,0.437754225782831,-3.68932990099161,0.000224845501234096,0.00110962421616733,"1110002E22Rik","3","protein_coding","RIKEN cDNA 1110002E22 gene [Source:MGI Symbol;Acc:MGI:1915066]"
"ENSMUSG00000063605",39.2020976348132,1.319630904221,0.358027432493356,3.68583740924794,0.000227951853616689,0.00112082664248286,"Ccdc102a","8","protein_coding","coiled-coil domain containing 102A [Source:MGI Symbol;Acc:MGI:2686927]"
"ENSMUSG00000097772",121.444475545116,-1.01981563129563,0.277501480546861,-3.67499167675039,0.000237857168736006,0.00116332200542052,"5430416N02Rik","5","lincRNA","RIKEN cDNA 5430416N02 gene [Source:MGI Symbol;Acc:MGI:1918676]"
"ENSMUSG00000066258",34.5308803819524,-1.45745256671996,0.397320797835898,-3.66820104726037,0.000244263082753154,0.00119147392341695,"Trim12a","7","protein_coding","tripartite motif-containing 12A [Source:MGI Symbol;Acc:MGI:1923931]"
"ENSMUSG00000085457",64.5159044973226,-1.06173561211911,0.289843185804062,-3.66313808335263,0.000249144143650806,0.00121329164901108,"1110046J04Rik","13","antisense","RIKEN cDNA 1110046J04 gene [Source:MGI Symbol;Acc:MGI:1916058]"
"ENSMUSG00000029096",15.618510895213,-2.22048274544349,0.60627270817188,-3.6625147652432,0.00024975135226794,0.00121584698935987,"Htra3","5","protein_coding","HtrA serine peptidase 3 [Source:MGI Symbol;Acc:MGI:1925808]"
"ENSMUSG00000060275",57.5050288135113,1.16336684726015,0.318995458943345,3.64696993215432,0.000265350960910482,0.00128349302457973,"Nrg2","18","protein_coding","neuregulin 2 [Source:MGI Symbol;Acc:MGI:1098246]"
"ENSMUSG00000096996",38.6901373825292,1.32152179769128,0.362789245254111,3.64267082053559,0.000269823802906557,0.0013023813617045,"Gm26792","19","lincRNA","predicted gene, 26792 [Source:MGI Symbol;Acc:MGI:5477286]"
"ENSMUSG00000094989",1349.61187659795,-1.22885363612759,0.338319350462972,-3.63222982795979,0.000280982695294058,0.00134610526855044,"Rpl9-ps4","13","processed_pseudogene","ribosomal protein L9, pseudogene 4 [Source:MGI Symbol;Acc:MGI:3704410]"
"ENSMUSG00000096802",14.0003911824298,-2.39064698525374,0.661559370586188,-3.61365448294604,0.000301911333702498,0.00143749191540973,"Gm15433","1","processed_pseudogene","predicted pseudogene 15433 [Source:MGI Symbol;Acc:MGI:3705860]"
"ENSMUSG00000114554",28.6842978826734,-1.60007076595521,0.446093403281162,-3.5868514400486,0.000334694877456621,0.00157577042113959,"5430425K12Rik","13","lincRNA","RIKEN cDNA 5430425K12 gene [Source:MGI Symbol;Acc:MGI:1918666]"
"ENSMUSG00000097256",4.33596009959045,-5.53791519794954,1.54901657701635,-3.57511680644273,0.000350071567416919,0.00164187240702921,"Gm26769","16","antisense","predicted gene, 26769 [Source:MGI Symbol;Acc:MGI:5477263]"
"ENSMUSG00000069053",4.70841445818345,-5.65047228144758,1.58080054649381,-3.57443720144217,0.000350982037086628,0.00164408340832793,"Uba1y","Y","protein_coding","ubiquitin-activating enzyme, Chr Y [Source:MGI Symbol;Acc:MGI:98891]"
"ENSMUSG00000086965",34.694220963819,1.37411422904425,0.38478696030069,3.57110393754106,0.000355479783957589,0.00166247699724582,"Rtl10","16","protein_coding","retrotransposon Gag like 10 [Source:MGI Symbol;Acc:MGI:3833934]"
"ENSMUSG00000040714",10.5649583402413,3.06365889131416,0.860332180032612,3.56101859539652,0.000369418916858896,0.00172002661194472,"Klc3","7","protein_coding","kinesin light chain 3 [Source:MGI Symbol;Acc:MGI:1277971]"
"ENSMUSG00000027297",9.10799044055331,3.48873975815551,0.981504990917905,3.5544798961163,0.000378727464735419,0.00175947732671441,"Ltk","2","protein_coding","leukocyte tyrosine kinase [Source:MGI Symbol;Acc:MGI:96840]"
"ENSMUSG00000033730",8.55183852527383,-3.50667347662901,0.990083967117532,-3.54179402262024,0.000397415672910362,0.00183761117765736,"Egr3","14","protein_coding","early growth response 3 [Source:MGI Symbol;Acc:MGI:1306780]"
"ENSMUSG00000114349",49.4821392621779,-1.19908584612217,0.340820461528548,-3.51823315051093,0.000434430494238196,0.0019912748493673,"Gm7591","14","processed_pseudogene","predicted gene 7591 [Source:MGI Symbol;Acc:MGI:3644074]"
"ENSMUSG00000086554",17.1617655112091,-2.00285169201109,0.571839586557617,-3.50247121586656,0.000460963587000837,0.00210113303524407,"9530034E10Rik","4","antisense","RIKEN cDNA 9530034E10 gene [Source:MGI Symbol;Acc:MGI:1925865]"
"ENSMUSG00000029370",7.62779500219376,-4.41795315816351,1.26173792460863,-3.50148241722535,0.000462677499909165,0.00210765544179806,"Rassf6","5","protein_coding","Ras association (RalGDS/AF-6) domain family member 6 [Source:MGI Symbol;Acc:MGI:1920496]"
"ENSMUSG00000073888",32.2517091373803,-1.64407219373209,0.469749986605112,-3.4998876862431,0.000465454225149043,0.00211963569135683,"Ccl27a","4","protein_coding","chemokine (C-C motif) ligand 27A [Source:MGI Symbol;Acc:MGI:1343459]"
"ENSMUSG00000116004",26.1585802454049,-1.7112845400293,0.489224121588013,-3.49795618105358,0.000468838155687093,0.00212978220430922,"Gm49539","15","lincRNA","predicted gene, 49539 [Source:MGI Symbol;Acc:MGI:6155241]"
"ENSMUSG00000022519",54.8031809074722,1.09298145817301,0.312952484117306,3.49248372722077,0.000478550753367476,0.00216989131202398,"Srl","16","protein_coding","sarcalumenin [Source:MGI Symbol;Acc:MGI:2146620]"
"ENSMUSG00000027339",12.0366720885099,2.64234588411396,0.758591851804848,3.48322471145356,0.000495412339671981,0.00223739990781393,"Rassf2","2","protein_coding","Ras association (RalGDS/AF-6) domain family member 2 [Source:MGI Symbol;Acc:MGI:2442060]"
"ENSMUSG00000022044",9.75834936565185,-3.31707107970817,0.95803716867045,-3.46236157445911,0.000535457275561096,0.00240206198997143,"Stmn4","14","protein_coding","stathmin-like 4 [Source:MGI Symbol;Acc:MGI:1931224]"
"ENSMUSG00000097081",57.5199605456075,-1.01294924259937,0.292939899007138,-3.45787393944136,0.000544456078200142,0.00243502034246004,"Gm10425","12","antisense","predicted gene 10425 [Source:MGI Symbol;Acc:MGI:3642471]"
"ENSMUSG00000040860",61.8089055483581,1.00068815017711,0.289641126849291,3.45492424043011,0.000550447469738836,0.00245883216709702,"Crocc","4","protein_coding","ciliary rootlet coiled-coil, rootletin [Source:MGI Symbol;Acc:MGI:3529431]"
"ENSMUSG00000029371",22.2946424000057,-1.68837807532161,0.489404585529029,-3.44986157719902,0.000560874065888249,0.00250010420479549,"Cxcl5","5","protein_coding","chemokine (C-X-C motif) ligand 5 [Source:MGI Symbol;Acc:MGI:1096868]"
"ENSMUSG00000029576",27.7109384628985,-1.58259279452902,0.459107792444249,-3.44710506023745,0.000566628189152945,0.0025227019439153,"Radil","5","protein_coding","Ras association and DIL domains [Source:MGI Symbol;Acc:MGI:2443088]"
"ENSMUSG00000043811",32.4962538105489,1.38739406093112,0.404867354139932,3.42678669135571,0.000610768647278003,0.00269561096692366,"Rtn4r","16","protein_coding","reticulon 4 receptor [Source:MGI Symbol;Acc:MGI:2136886]"
"ENSMUSG00000021061",26.20317019533,-1.59922789425592,0.466790609075015,-3.42600700006568,0.000612524596023504,0.00270255165219469,"Sptb","12","protein_coding","spectrin beta, erythrocytic [Source:MGI Symbol;Acc:MGI:98387]"
"ENSMUSG00000082035",62.8826021581,-1.34301044405326,0.392426322760523,-3.42232507392944,0.000620880342322933,0.00273618541281841,"Rpl17-ps8","X","processed_pseudogene","ribosomal protein L17, pseudogene 8 [Source:MGI Symbol;Acc:MGI:3802129]"
"ENSMUSG00000034035",39.2843784971642,-1.2599142057097,0.369229962298314,-3.41227509779333,0.000644230627203597,0.00282217048309308,"Ccdc17","4","protein_coding","coiled-coil domain containing 17 [Source:MGI Symbol;Acc:MGI:1915667]"
"ENSMUSG00000041617",32.0188051413943,1.54565686816638,0.454119664289981,3.40363342464596,0.00066495928225768,0.00290090700791964,"Ccdc74a","16","protein_coding","coiled-coil domain containing 74A [Source:MGI Symbol;Acc:MGI:1919565]"
"ENSMUSG00000044433",14.7198139913381,2.10709769225806,0.619606478324208,3.40070313331282,0.000672127772450867,0.00292611798396286,"Camsap3","8","protein_coding","calmodulin regulated spectrin-associated protein family, member 3 [Source:MGI Symbol;Acc:MGI:1916947]"
"ENSMUSG00000038155",43.4252745599137,-1.67657751488175,0.493693418047403,-3.3959891981399,0.000683810581094445,0.00297083754079375,"Gstp2","19","protein_coding","glutathione S-transferase, pi 2 [Source:MGI Symbol;Acc:MGI:95864]"
"ENSMUSG00000116993",3.83071689773708,-5.34734213290222,1.57858949789434,-3.38741778026204,0.00070553860749057,0.00305554073064548,"AC135964.2","16","lincRNA","novel transcript"
"ENSMUSG00000050211",7.24538080766002,-3.73280861299757,1.1039074501198,-3.3814506937085,0.000721041717938384,0.00311423262939634,"Pla2g4e","2","protein_coding","phospholipase A2, group IVE [Source:MGI Symbol;Acc:MGI:1919144]"
"ENSMUSG00000096727",13.7794092766294,-2.26142937995078,0.669063308241357,-3.37999312186911,0.000724876438121378,0.00312830180827575,"Psmb9","17","protein_coding","proteasome (prosome, macropain) subunit, beta type 9 (large multifunctional peptidase 2) [Source:MGI Symbol;Acc:MGI:1346526]"
"ENSMUSG00000029804",38.6724037255078,1.21433952218898,0.359615893420197,3.37676822522988,0.000733428234391762,0.0031598596577112,"Herc3","6","protein_coding","hect domain and RLD 3 [Source:MGI Symbol;Acc:MGI:1921248]"
"ENSMUSG00000114053",25.6886315855187,-1.6700693382826,0.494728287393774,-3.37573043797539,0.000736200113379137,0.00316856229819616,"AC133498.1","13","lincRNA","novel transcript"
"ENSMUSG00000001622",39.6304293213809,-1.19640122468267,0.35526854153421,-3.36759685931119,0.000758263855482554,0.00325307552202222,"Csn3","5","protein_coding","casein kappa [Source:MGI Symbol;Acc:MGI:107461]"
"ENSMUSG00000027420",45.0898961323972,-1.1096296732204,0.33015238934179,-3.36096211641122,0.000776714781013586,0.00332932613751709,"Bfsp1","2","protein_coding","beaded filament structural protein 1, in lens-CP94 [Source:MGI Symbol;Acc:MGI:101770]"
"ENSMUSG00000044313",40.8024062611543,-1.2008920297697,0.359632668351823,-3.33921841770749,0.000840144779103766,0.00355572041021206,"Mab21l3","3","protein_coding","mab-21-like 3 (C. elegans) [Source:MGI Symbol;Acc:MGI:2446273]"
"ENSMUSG00000116114",42.9679299648702,-1.14586629256021,0.343944138081966,-3.33154767210233,0.000863645063945051,0.00364784867839943,"Gm35853","15","antisense","predicted gene, 35853 [Source:MGI Symbol;Acc:MGI:5595012]"
"ENSMUSG00000033220",15.8701897636068,2.34545888462302,0.704892676009655,3.32739857349702,0.000876608938773102,0.00369519369930063,"Rac2","15","protein_coding","Rac family small GTPase 2 [Source:MGI Symbol;Acc:MGI:97846]"
"ENSMUSG00000061242",13.0946572717715,-2.57093213743935,0.776556173930026,-3.31068404804288,0.000930682265766151,0.00388755661084127,"Gm9104","17","processed_pseudogene","predicted gene 9104 [Source:MGI Symbol;Acc:MGI:3645365]"
"ENSMUSG00000030270",13.1899446244936,-2.28111468780756,0.690504715782001,-3.30354686314369,0.000954700111486759,0.00397548992752156,"Cpne9","6","protein_coding","copine family member IX [Source:MGI Symbol;Acc:MGI:2443052]"
"ENSMUSG00000021066",32.195274095098,-1.37010588699502,0.415805560896308,-3.29506388524874,0.000983993069465537,0.00408938309472554,"Atl1","12","protein_coding","atlastin GTPase 1 [Source:MGI Symbol;Acc:MGI:1921241]"
"ENSMUSG00000107951",17.4281607716637,1.95535406093681,0.595252458812526,3.28491555471701,0.00102012941340034,0.0042276434306816,"Gm6210","6","processed_pseudogene","predicted gene 6210 [Source:MGI Symbol;Acc:MGI:3643375]"
"ENSMUSG00000027805",51.0286880603286,1.08379523338777,0.330259641837231,3.28164600239566,0.00103203080123165,0.00426856510688994,"Pfn2","3","protein_coding","profilin 2 [Source:MGI Symbol;Acc:MGI:97550]"
"ENSMUSG00000038569",32.5496845861876,-1.29001356350686,0.394176588206017,-3.27267930695223,0.00106533276041545,0.00439397599924012,"Rad9b","5","protein_coding","RAD9 checkpoint clamp component B [Source:MGI Symbol;Acc:MGI:2385231]"
"ENSMUSG00000030592",27.5112810957649,-1.4296240702655,0.437666420556348,-3.26646962873735,0.00108897488289839,0.00447645810061493,"Ryr1","7","protein_coding","ryanodine receptor 1, skeletal muscle [Source:MGI Symbol;Acc:MGI:99659]"
"ENSMUSG00000071715",12.2774056116685,-2.31698186632438,0.71019071076445,-3.26247841770611,0.00110442582089463,0.00452616177107291,"Ncf4","15","protein_coding","neutrophil cytosolic factor 4 [Source:MGI Symbol;Acc:MGI:109186]"
"ENSMUSG00000041119",13.6404590562187,-2.12169498777501,0.652600498776475,-3.25113908394624,0.00114943611941586,0.00469488441017159,"Pde9a","17","protein_coding","phosphodiesterase 9A [Source:MGI Symbol;Acc:MGI:1277179]"
"ENSMUSG00000109341",13.4102735401011,-2.09808381921649,0.645820738257752,-3.24870927012431,0.00115929899076671,0.00472992704757601,"Gm30873","7","antisense","predicted gene, 30873 [Source:MGI Symbol;Acc:MGI:5590032]"
"ENSMUSG00000087050",13.944103896562,2.20228001337317,0.679822731097243,3.23949158013393,0.00119743001833423,0.00487201653333282,"Dhrs13os","11","antisense","dehydrogenase/reductase (SDR family) member 13, opposite strand [Source:MGI Symbol;Acc:MGI:1924478]"
"ENSMUSG00000029864",17.4573770740953,2.0755434342558,0.641210020688014,3.23691671572562,0.00120828669629304,0.00490806122624847,"Gstk1","6","protein_coding","glutathione S-transferase kappa 1 [Source:MGI Symbol;Acc:MGI:1923513]"
"ENSMUSG00000026251",20.6560762799721,-1.7096210358974,0.529465238233589,-3.2289580362274,0.00124242124148142,0.00503146470348286,"Chrnd","1","protein_coding","cholinergic receptor, nicotinic, delta polypeptide [Source:MGI Symbol;Acc:MGI:87893]"
"ENSMUSG00000047261",6.99139119849122,3.35559456931583,1.04183015827889,3.22086526546638,0.00127804216356865,0.00516153959812751,"Gap43","16","protein_coding","growth associated protein 43 [Source:MGI Symbol;Acc:MGI:95639]"
"ENSMUSG00000114419",6.94463833181578,3.28528747590775,1.02110828006217,3.21737423939774,0.00129369728929763,0.00521191356696814,"5430414B19Rik","14","sense_intronic","RIKEN cDNA 5430414B19 gene [Source:MGI Symbol;Acc:MGI:1921096]"
"ENSMUSG00000107198",43.904355265299,-1.09338490527442,0.339910576478774,-3.21668397788941,0.00129681357313265,0.00522304067801867,"Gm19619","5","lincRNA","predicted gene, 19619 [Source:MGI Symbol;Acc:MGI:5011804]"
"ENSMUSG00000106583",19.5777694330171,-1.71711596909777,0.534035371582843,-3.21535999386776,0.00130281028496521,0.00524146463173367,"4930447N08Rik","3","processed_transcript","RIKEN cDNA 4930447N08 gene [Source:MGI Symbol;Acc:MGI:1918897]"
"ENSMUSG00000000386",7.88721339435089,-3.34060702709074,1.04388667277399,-3.20016254083744,0.00137350105397131,0.00548293147864187,"Mx1","16","protein_coding","MX dynamin-like GTPase 1 [Source:MGI Symbol;Acc:MGI:97243]"
"ENSMUSG00000019806",20.4487502496364,-1.59290007446352,0.49805705137633,-3.19822813483254,0.00138274843395599,0.00551719600129185,"Aig1","10","protein_coding","androgen-induced 1 [Source:MGI Symbol;Acc:MGI:1913503]"
"ENSMUSG00000034818",29.0343374654941,1.42140249175156,0.445354939998636,3.19161721155695,0.00141478694252689,0.00562898092301995,"Celf5","10","protein_coding","CUGBP, Elav-like family member 5 [Source:MGI Symbol;Acc:MGI:2442333]"
"ENSMUSG00000032135",23.7136882811921,1.45801377754036,0.457335736698039,3.18806001924802,0.00143230802947515,0.00569254587826725,"Mcam","9","protein_coding","melanoma cell adhesion molecule [Source:MGI Symbol;Acc:MGI:1933966]"
"ENSMUSG00000079502",4.95446908702657,-4.70904124596553,1.47771119552739,-3.18671284363173,0.00143899565413056,0.00571450294653519,"Cfap77","2","protein_coding","cilia and flagella associated protein 77 [Source:MGI Symbol;Acc:MGI:2685669]"
"ENSMUSG00000112711",16.6559167874272,-2.00826735761611,0.632235804533049,-3.17645306263438,0.00149087913163663,0.00589513124448916,"Gm32552","10","lincRNA","predicted gene, 32552 [Source:MGI Symbol;Acc:MGI:5591711]"
"ENSMUSG00000033207",46.8369629116531,-1.04291347217669,0.328523647599621,-3.17454612414297,0.00150071037625939,0.00592923389344402,"Mamdc2","19","protein_coding","MAM domain containing 2 [Source:MGI Symbol;Acc:MGI:1918988]"
"ENSMUSG00000114579",65.8045475590671,1.07229564005252,0.339469668499783,3.15873770045882,0.00158454032841736,0.00622042849033298,"Gm4130","13","processed_pseudogene","predicted gene 4130 [Source:MGI Symbol;Acc:MGI:3782306]"
"ENSMUSG00000079267",17.2633615034131,-1.88326842608029,0.597135101137655,-3.15383976338404,0.00161137534748957,0.00631374832066305,"Gm5930","14","protein_coding","predicted gene 5930 [Source:MGI Symbol;Acc:MGI:3643645]"
"ENSMUSG00000025475",39.0420760209859,1.2400514649729,0.393858557951586,3.14846901238421,0.00164128123657414,0.00641583842703245,"Adgra1","7","protein_coding","adhesion G protein-coupled receptor A1 [Source:MGI Symbol;Acc:MGI:1277167]"
"ENSMUSG00000042417",8.92923340206712,2.78903667098035,0.886986677183543,3.14439522342817,0.00166430498119309,0.00649034913432999,"Ccno","13","protein_coding","cyclin O [Source:MGI Symbol;Acc:MGI:2145534]"
"ENSMUSG00000019986",20.9922378161426,1.65828657952106,0.527653367750107,3.14275750118289,0.00167364431710085,0.00652159420522963,"Ahi1","10","protein_coding","Abelson helper integration site 1 [Source:MGI Symbol;Acc:MGI:87971]"
"ENSMUSG00000034813",33.5511573081671,-1.32794707502219,0.422601587170006,-3.14231445251997,0.00167617913588674,0.00652974541281882,"Grip1","10","protein_coding","glutamate receptor interacting protein 1 [Source:MGI Symbol;Acc:MGI:1921303]"
"ENSMUSG00000115536",12.5689222137252,-2.19873691445013,0.700020993303708,-3.14095853621949,0.00168395871421083,0.00655312444724971,"Gm32857","14","lincRNA","predicted gene, 32857 [Source:MGI Symbol;Acc:MGI:5592016]"
"ENSMUSG00000107696",12.3993636315363,-2.06774034920492,0.661117330365617,-3.12764505516955,0.00176212843368956,0.0068159368252474,"Gm44171","6","TEC","predicted gene, 44171 [Source:MGI Symbol;Acc:MGI:5690563]"
"ENSMUSG00000042279",12.9755035738008,-2.1212454703142,0.679635763954317,-3.12115044972351,0.00180145973089064,0.00694438229420999,"H1foo","6","protein_coding","H1 histone family, member O, oocyte-specific [Source:MGI Symbol;Acc:MGI:2176207]"
"ENSMUSG00000031227",10.758822757089,2.32412857153499,0.7460690297854,3.11516559292577,0.00183841671458964,0.00707001963435004,"Magee1","X","protein_coding","melanoma antigen, family E, 1 [Source:MGI Symbol;Acc:MGI:2148149]"
"ENSMUSG00000090582",25.7372241411909,-1.50947254681151,0.485615179372204,-3.10837183624065,0.0018812121913721,0.00721221038049836,"Gm17024","12","sense_intronic","predicted gene 17024 [Source:MGI Symbol;Acc:MGI:4937851]"
"ENSMUSG00000000686",41.8860248628507,1.17756543255922,0.379016507994777,3.10689747734008,0.0018906195421568,0.00723698329549038,"Abhd15","11","protein_coding","abhydrolase domain containing 15 [Source:MGI Symbol;Acc:MGI:1914727]"
"ENSMUSG00000047528",31.6482827482257,-1.25864695019946,0.405504752759127,-3.10390184488689,0.00190986680786571,0.00730307305181541,"Als2cr12","1","protein_coding","amyotrophic lateral sclerosis 2 chromosome region 12 [Source:MGI Symbol;Acc:MGI:1918359]"
"ENSMUSG00000036931",32.7928574065023,-1.23343112652758,0.399035604130929,-3.09103025834976,0.00199463306658857,0.00757611080509716,"Nfkbid","7","protein_coding","nuclear factor of kappa light polypeptide gene enhancer in B cells inhibitor, delta [Source:MGI Symbol;Acc:MGI:3041243]"
"ENSMUSG00000083380",32.7069797244958,-1.40760884706798,0.455460103110351,-3.09052063496972,0.00199805920668595,0.00758716918231776,"Ndufb4c","15","processed_pseudogene","NADH:ubiquinone oxidoreductase subunit B4C [Source:MGI Symbol;Acc:MGI:3781422]"
"ENSMUSG00000034226",17.975949602344,1.78878968772173,0.578848852240779,3.09025349328612,0.00199985732679908,0.00759204142527563,"Rhov","2","protein_coding","ras homolog family member V [Source:MGI Symbol;Acc:MGI:2444227]"
"ENSMUSG00000074146",12.6080478035936,-2.11763497035219,0.687276347330394,-3.08119867441644,0.0020616903386218,0.0078027470416299,"4930579C12Rik","9","lincRNA","RIKEN cDNA 4930579C12 gene [Source:MGI Symbol;Acc:MGI:2441687]"
"ENSMUSG00000069835",27.9356260429877,1.40488602259317,0.456525234038323,3.07734582416365,0.00208852846707004,0.007894102085405,"Sat2","11","protein_coding","spermidine/spermine N1-acetyl transferase 2 [Source:MGI Symbol;Acc:MGI:1916465]"
"ENSMUSG00000116644",5.75414339164348,-3.97548688481128,1.29270499454999,-3.07532414709607,0.00210273886995972,0.00794374005178788,"AC168090.1","17","lincRNA","novel transcript"
"ENSMUSG00000020173",40.9624055389601,-1.13787483691195,0.370379250745517,-3.07218839776143,0.00212495562518544,0.00800919735895133,"Cobl","11","protein_coding","cordon-bleu WH2 repeat [Source:MGI Symbol;Acc:MGI:105056]"
"ENSMUSG00000061848",986.954134967312,-2.63839679904637,0.858786074904752,-3.07223984662187,0.00212458938021265,0.00800919735895133,"Gm5805","15","processed_pseudogene","predicted gene 5805 [Source:MGI Symbol;Acc:MGI:3644633]"
"ENSMUSG00000066176",15.8067777393826,-2.1554132125248,0.701733603703334,-3.07155479109139,0.00212947078060771,0.00802416379778586,"Gm12511","4","lincRNA","predicted gene 12511 [Source:MGI Symbol;Acc:MGI:3651363]"
"ENSMUSG00000098893",134.795963637537,-1.77139778417785,0.579434709797442,-3.05711369068155,0.00223479495782693,0.00838460485449904,"Gm17828","9","processed_pseudogene","predicted gene, 17828 [Source:MGI Symbol;Acc:MGI:5010013]"
"ENSMUSG00000032473",7.47254374937797,-2.98379711109031,0.977119489787707,-3.05366656000136,0.00226063191311028,0.00846645707092446,"Cldn18","9","protein_coding","claudin 18 [Source:MGI Symbol;Acc:MGI:1929209]"
"ENSMUSG00000062444",43.4269242447441,-1.0897102048323,0.357176672049674,-3.0508997090402,0.00228156770550171,0.00853463212528218,"Ap3b2","7","protein_coding","adaptor-related protein complex 3, beta 2 subunit [Source:MGI Symbol;Acc:MGI:1100869]"
"ENSMUSG00000084855",6.09417362972397,-3.45436152729957,1.13412446385042,-3.04583988566104,0.00232031361306752,0.00865917543550085,"Gm9850","5","processed_pseudogene","predicted gene 9850 [Source:MGI Symbol;Acc:MGI:3642875]"
"ENSMUSG00000097589",47.7003356090995,-1.02340218603609,0.336038530668883,-3.04549059894713,0.00232301040642037,0.00866485232819904,"Dleu2","14","processed_transcript","deleted in lymphocytic leukemia, 2 [Source:MGI Symbol;Acc:MGI:1934030]"
"ENSMUSG00000087047",4.54187465701657,-4.57665611056694,1.50586692314238,-3.03921683930515,0.00237194062579448,0.00882503199516315,"1700110K17Rik","9","antisense","RIKEN cDNA 1700110K17 gene [Source:MGI Symbol;Acc:MGI:1920808]"
"ENSMUSG00000064437",4.21200278675904,4.56544586889443,1.50874916608823,3.02598070740372,0.00247828115177656,0.00916746360309616,"Snord49b","11","snoRNA","small nucleolar RNA, C/D box 49B [Source:MGI Symbol;Acc:MGI:3819539]"
"ENSMUSG00000046634",33.8444293841008,-1.16326272486397,0.386270325752323,-3.01152495366639,0.00259939036843161,0.00955789808457231,"Pkd1l1","11","protein_coding","polycystic kidney disease 1 like 1 [Source:MGI Symbol;Acc:MGI:2156538]"
"ENSMUSG00000034656",50.160061139346,1.0122279007025,0.33620404923531,3.01075463845482,0.00260599338901076,0.00957739928880767,"Cacna1a","8","protein_coding","calcium channel, voltage-dependent, P/Q type, alpha 1A subunit [Source:MGI Symbol;Acc:MGI:109482]"
"ENSMUSG00000108503",5.78317338620971,3.54353841174872,1.17708114791569,3.01044530194321,0.00260864928563137,0.00958238203824868,"Gm20949","7","processed_pseudogene","predicted gene, 20949 [Source:MGI Symbol;Acc:MGI:5434304]"
"ENSMUSG00000095836",9.65352938238248,-2.41441173510923,0.803625887015632,-3.00439766080141,0.00266107265668326,0.00975307608954946,"Gm21960","3","processed_pseudogene","predicted gene, 21960 [Source:MGI Symbol;Acc:MGI:5439429]"
"ENSMUSG00000091553",19.8536458862205,-1.58029711012198,0.526583670237015,-3.00103706104424,0.00269061815470281,0.0098515653796508,"Serpina3e-ps","12","unprocessed_pseudogene","serine (or cysteine) peptidase inhibitor, clade A, member 3E, pseudogene [Source:MGI Symbol;Acc:MGI:2182837]"
"ENSMUSG00000026580",10.6552769639575,-2.33581604435512,0.782198097795669,-2.98622056348352,0.00282448843566008,0.0102836587907813,"Selp","1","protein_coding","selectin, platelet [Source:MGI Symbol;Acc:MGI:98280]"
"ENSMUSG00000041515",27.0838125183554,1.32091243882001,0.442365378154679,2.98602129382317,0.00282632961911114,0.0102871419543993,"Irf8","8","protein_coding","interferon regulatory factor 8 [Source:MGI Symbol;Acc:MGI:96395]"
"ENSMUSG00000021404",27.2430031466094,-1.29231588648688,0.43289782475009,-2.9852676835069,0.00283330263439964,0.010307431918481,"Serpinb9c","13","protein_coding","serine (or cysteine) peptidase inhibitor, clade B, member 9c [Source:MGI Symbol;Acc:MGI:894669]"
"ENSMUSG00000091573",6.93776748049383,-3.18014068758922,1.06679305634695,-2.98102867155798,0.00287281894555014,0.0104280285831949,"Serpina3d-ps","12","unprocessed_pseudogene","serine (or cysteine) peptidase inhibitor, clade A, member 3D, pseudogene [Source:MGI Symbol;Acc:MGI:2182836]"
"ENSMUSG00000043993",47.6110482369192,1.19673089822773,0.402384895308501,2.97409498264149,0.00293854099311529,0.0106403912501873,"2900052L18Rik","11","processed_transcript","RIKEN cDNA 2900052L18 gene [Source:MGI Symbol;Acc:MGI:1924085]"
"ENSMUSG00000067297",4.50998211505494,-4.54250468577222,1.5279647014714,-2.97291205837273,0.00294988957006282,0.0106736185940834,"Ifit1bl2","19","protein_coding","interferon induced protein with tetratricopeptide repeats 1B like 2 [Source:MGI Symbol;Acc:MGI:2148249]"
"ENSMUSG00000000204",6.13134664378354,-3.48710299532735,1.17323372375953,-2.97221510489249,0.00295659461586807,0.0106900076606601,"Slfn4","11","protein_coding","schlafen 4 [Source:MGI Symbol;Acc:MGI:1329010]"
"ENSMUSG00000041180",47.5158387041422,-1.0581626027254,0.356212205056722,-2.9705961438264,0.00297222354635909,0.010735983165126,"Hectd2","19","protein_coding","HECT domain E3 ubiquitin protein ligase 2 [Source:MGI Symbol;Acc:MGI:2442663]"
"ENSMUSG00000022805",25.8614517454936,-1.35218538184314,0.45538739686813,-2.9693078709306,0.00298471393556362,0.0107758187911201,"Maats1","16","protein_coding","MYCBP-associated, testis expressed 1 [Source:MGI Symbol;Acc:MGI:2443598]"
"ENSMUSG00000097639",24.7172515963586,1.3575795416815,0.457965778610957,2.96436896616846,0.00303304383252111,0.0109262216850424,"Platr4","3","lincRNA","pluripotency associated transcript 4 [Source:MGI Symbol;Acc:MGI:1925956]"
"ENSMUSG00000008348",1235.99764055687,-1.0259302557546,0.346375445599664,-2.96190237728443,0.00305744706425507,0.0110033757749473,"Ubc","5","protein_coding","ubiquitin C [Source:MGI Symbol;Acc:MGI:98889]"
"ENSMUSG00000000120",15.3703850753549,1.80358153142415,0.609359756153591,2.95979757969043,0.00307841235754593,0.0110680186738011,"Ngfr","11","protein_coding","nerve growth factor receptor (TNFR superfamily, member 16) [Source:MGI Symbol;Acc:MGI:97323]"
"ENSMUSG00000109424",14.0623747420189,-1.91335107671636,0.64763199055559,-2.95438011805892,0.00313297849726334,0.0112204169164623,"Gm44658","7","lincRNA","predicted gene 44658 [Source:MGI Symbol;Acc:MGI:5753234]"
"ENSMUSG00000116838",14.2072661513757,1.95094104087392,0.660759027614884,2.95257568847171,0.00315134803316937,0.0112834640167475,"AC165953.1","17","processed_pseudogene","CD2-associated protein (Cd2ap) pseudogene"
"ENSMUSG00000078921",4.2842220146067,-4.4943918292595,1.52263501499877,-2.95171973912812,0.00316009609365636,0.0113065476982011,"Tgtp2","11","protein_coding","T cell specific GTPase 2 [Source:MGI Symbol;Acc:MGI:3710083]"
"ENSMUSG00000046329",12.5919929780079,1.95423853292213,0.662782411662334,2.94853710438797,0.00319281809623729,0.0114097773470628,"Slc25a23","17","protein_coding","solute carrier family 25 (mitochondrial carrier; phosphate carrier), member 23 [Source:MGI Symbol;Acc:MGI:1914222]"
"ENSMUSG00000044968",37.8950480094783,1.1073043959124,0.375829952762666,2.94629096955359,0.00321609709648522,0.0114873969709931,"Napepld","5","protein_coding","N-acyl phosphatidylethanolamine phospholipase D [Source:MGI Symbol;Acc:MGI:2140885]"
"ENSMUSG00000013367",19.6253792039289,-1.55650603830555,0.528407941181049,-2.94565224516989,0.00322274503932301,0.0115083538334933,"Iglon5","7","protein_coding","IgLON family member 5 [Source:MGI Symbol;Acc:MGI:2686277]"
"ENSMUSG00000036585",28.0009266554764,-1.38142195131981,0.470382971295995,-2.93680263873866,0.00331615074632639,0.0118189985859761,"Fgf1","18","protein_coding","fibroblast growth factor 1 [Source:MGI Symbol;Acc:MGI:95515]"
"ENSMUSG00000110386",55.7302013533107,-1.01221726306715,0.345612253788274,-2.92876555148778,0.00340311001610198,0.0120909242582211,"Gm42031","8","lincRNA","predicted gene, 42031 [Source:MGI Symbol;Acc:MGI:5624916]"
"ENSMUSG00000026885",40.211187103217,-1.05462657120391,0.360755500974439,-2.92338320096367,0.00346250101051207,0.0122723557095356,"Ttll11","2","protein_coding","tubulin tyrosine ligase-like family, member 11 [Source:MGI Symbol;Acc:MGI:1921660]"
"ENSMUSG00000107770",89.4167721749478,1.965186944214,0.672665573210523,2.92149178206711,0.00348359465721002,0.0123293322549659,"Gm44126","6","processed_pseudogene","predicted gene, 44126 [Source:MGI Symbol;Acc:MGI:5690518]"
"ENSMUSG00000097204",44.291118867392,-1.0112893695517,0.346596062507496,-2.91777512483954,0.00352538491208256,0.0124652596619142,"Gm17690","3","antisense","predicted gene, 17690 [Source:MGI Symbol;Acc:MGI:4937324]"
"ENSMUSG00000116594",10.5166276219733,2.25081586096509,0.773023912747396,2.91170276086995,0.00359464521210396,0.0126645949023959,"AC133488.1","16","protein_coding","novel protein"
"ENSMUSG00000044770",39.972724495244,-1.12124763180124,0.386046924028648,-2.90443353388314,0.00367918312660797,0.0129099829729417,"Scml4","10","protein_coding","Scm polycomb group protein like 4 [Source:MGI Symbol;Acc:MGI:2446140]"
"ENSMUSG00000032066",15.8611864135567,-1.66512642741864,0.573329040350964,-2.90431202717262,0.00368061143031266,0.0129119212504138,"Bco2","9","protein_coding","beta-carotene oxygenase 2 [Source:MGI Symbol;Acc:MGI:2177469]"
"ENSMUSG00000090222",16.1529829991663,-1.64507019523834,0.566646751378741,-2.90316708114115,0.00369409497641532,0.0129530575754848,"Ifi203-ps","1","unprocessed_pseudogene","interferon activated gene 203, pseudogene [Source:MGI Symbol;Acc:MGI:3840117]"
"ENSMUSG00000026500",10.2236257533083,-2.16180815699368,0.744683624627277,-2.90298871292583,0.00369619958195633,0.0129573550624538,"Cox20","1","protein_coding","cytochrome c oxidase assembly protein 20 [Source:MGI Symbol;Acc:MGI:1913609]"
"ENSMUSG00000096718",31.0288360115581,-1.38307098696246,0.476593689078006,-2.90199181956873,0.00370798222926902,0.0129955696722907,"Zfp781","10","protein_coding","zinc finger protein 781 [Source:MGI Symbol;Acc:MGI:3696710]"
"ENSMUSG00000093565",63.4970230030886,1.02590627750514,0.354142188913563,2.89687676199329,0.00376897778795347,0.0131905274387992,"Rab26os","17","antisense","RAB26, member RAS oncogene family, opposite strand [Source:MGI Symbol;Acc:MGI:1922864]"
"ENSMUSG00000031740",11.7005636985599,2.10226342437916,0.726165286679669,2.89502054551737,0.00379133716857196,0.0132561909871725,"Mmp2","8","protein_coding","matrix metallopeptidase 2 [Source:MGI Symbol;Acc:MGI:97009]"
"ENSMUSG00000004473",27.6941435245198,-1.27815049545995,0.441735119804785,-2.89347719516801,0.00381001957039128,0.013315196417055,"Clec11a","7","protein_coding","C-type lectin domain family 11, member a [Source:MGI Symbol;Acc:MGI:1298219]"
"ENSMUSG00000056598",35.8599626392836,-1.13126964495625,0.393893769257794,-2.87201711031855,0.00407860883422585,0.0141665345959763,"Drc3","11","protein_coding","dynein regulatory complex subunit 3 [Source:MGI Symbol;Acc:MGI:1921915]"
"ENSMUSG00000114511",6.57920382794197,3.06156952548951,1.06847739084611,2.86535733158107,0.00416538919710102,0.0144374966869388,"0710001A04Rik","18","antisense","RIKEN cDNA 0710001A04 gene [Source:MGI Symbol;Acc:MGI:1915652]"
"ENSMUSG00000028784",14.1078882311266,-1.75679391141339,0.613221898851359,-2.86485840558545,0.00417195743079499,0.014449911768644,"Spocd1","4","protein_coding","SPOC domain containing 1 [Source:MGI Symbol;Acc:MGI:3652045]"
"ENSMUSG00000036766",39.7998859994043,-1.03174356308211,0.363992292703315,-2.83452035596554,0.00458945339656896,0.0157186646186857,"Dner","1","protein_coding","delta/notch-like EGF repeat containing [Source:MGI Symbol;Acc:MGI:2152889]"
"ENSMUSG00000066361",5.16418554667216,-3.80352813472656,1.34262066267252,-2.83291345088905,0.00461258729380031,0.0157868932662899,"Serpina3c","12","protein_coding","serine (or cysteine) peptidase inhibitor, clade A, member 3C [Source:MGI Symbol;Acc:MGI:102848]"
"ENSMUSG00000031762",39.8775291297722,-1.17809780004375,0.416623062521386,-2.82773064197154,0.00468792324805836,0.016026130936834,"Mt2","8","protein_coding","metallothionein 2 [Source:MGI Symbol;Acc:MGI:97172]"
"ENSMUSG00000089886",27.0923970647446,-1.27922052683977,0.453920118766376,-2.81816221390742,0.00482994016433834,0.0164323538434103,"Gm16184","7","processed_pseudogene","predicted gene 16184 [Source:MGI Symbol;Acc:MGI:3802154]"
"ENSMUSG00000063767",21.5430723737047,1.42436315899432,0.506095284539313,2.81441697345766,0.00488657987042123,0.0165860174694633,"S100a7a","3","protein_coding","S100 calcium binding protein A7A [Source:MGI Symbol;Acc:MGI:2687194]"
"ENSMUSG00000086649",32.9012648983937,-1.14328350994976,0.406254524354258,-2.81420499074322,0.00488980360419229,0.0165893198916913,"Gm15286","13","processed_transcript","predicted gene 15286 [Source:MGI Symbol;Acc:MGI:3705204]"
"ENSMUSG00000039158",36.7547367578311,1.00899333742137,0.358754694853805,2.81248817616879,0.00491598308316091,0.0166589670411207,"Akna","4","protein_coding","AT-hook transcription factor [Source:MGI Symbol;Acc:MGI:2140340]"
"ENSMUSG00000034573",13.7349383627111,1.88588414528689,0.67362817384007,2.79959214671242,0.00511672103471495,0.0172559104947914,"Ptpn13","5","protein_coding","protein tyrosine phosphatase, non-receptor type 13 [Source:MGI Symbol;Acc:MGI:103293]"
"ENSMUSG00000070034",16.3724594716424,-1.79998065660519,0.644674442002598,-2.79207696060322,0.00523708983071337,0.0176000774730226,"Sp110","1","protein_coding","Sp110 nuclear body protein [Source:MGI Symbol;Acc:MGI:1923364]"
"ENSMUSG00000083087",614.487407653875,-1.86165471247443,0.66692343344617,-2.79140695784937,0.00524794432282247,0.0176258708732572,"Gm11249","4","processed_pseudogene","predicted gene 11249 [Source:MGI Symbol;Acc:MGI:3650834]"
"ENSMUSG00000053985",21.7168096496843,-1.33240051476081,0.477686356655314,-2.78927898232235,0.00528255386163556,0.0177299923666598,"Zfp14","7","protein_coding","zinc finger protein 14 [Source:MGI Symbol;Acc:MGI:99160]"
"ENSMUSG00000005951",30.0223087039705,-1.27085708388722,0.456614799461533,-2.78321483531829,0.00538231535400093,0.0180236327980582,"Shpk","11","protein_coding","sedoheptulokinase [Source:MGI Symbol;Acc:MGI:1921887]"
"ENSMUSG00000025350",19.9416431460717,-1.51158120361941,0.543349027680952,-2.78197093693335,0.00540298782853907,0.0180683855672628,"Rdh5","10","protein_coding","retinol dehydrogenase 5 [Source:MGI Symbol;Acc:MGI:1201412]"
"ENSMUSG00000092490",6.82251298556027,-3.15477702482806,1.13432581422025,-2.78119124618237,0.00541598211166927,0.0181036263737226,"Gm20482","7","transcribed_unprocessed_pseudogene","predicted gene 20482 [Source:MGI Symbol;Acc:MGI:5141947]"
"ENSMUSG00000045333",6.96134040647814,-2.81808894304869,1.01685642177291,-2.77137350240194,0.00558203565606839,0.0185828336960488,"Zfp423","8","protein_coding","zinc finger protein 423 [Source:MGI Symbol;Acc:MGI:1891217]"
"ENSMUSG00000096979",20.9644132324342,-1.41308246159465,0.509967069704442,-2.77092884137327,0.00558966408221462,0.018599828044227,"Gm26880","4","lincRNA","predicted gene, 26880 [Source:MGI Symbol;Acc:MGI:5477374]"
"ENSMUSG00000026904",15.8017887752761,-3.85987121812743,1.39483822939857,-2.76725367628598,0.00565307477685586,0.0187887251914915,"Slc4a10","2","protein_coding","solute carrier family 4, sodium bicarbonate cotransporter-like, member 10 [Source:MGI Symbol;Acc:MGI:2150150]"
"ENSMUSG00000048603",11.3701554201292,-1.94234889280152,0.701996535802098,-2.7668924186103,0.00565934275316831,0.0188012587399876,"Gm9828","13","bidirectional_promoter_lncRNA","predicted gene 9828 [Source:MGI Symbol;Acc:MGI:3642913]"
"ENSMUSG00000048764",7.57979646502638,-2.42468753936969,0.877294542286862,-2.76382380431686,0.00571283784357177,0.0189339301622865,"Tmprss11f","5","protein_coding","transmembrane protease, serine 11f [Source:MGI Symbol;Acc:MGI:2442348]"
"ENSMUSG00000108520",3.75145128770543,4.3895011992103,1.58970262481381,2.76120900267396,0.00575878103281652,0.0190719171496068,"Gm44684","7","processed_transcript","predicted gene 44684 [Source:MGI Symbol;Acc:MGI:5753260]"
"ENSMUSG00000078875",18.3428973808268,-1.80602162006382,0.65430501485042,-2.76021362984157,0.00577635753325902,0.0191217800129736,"Gm14419","2","protein_coding","predicted gene 14419 [Source:MGI Symbol;Acc:MGI:3702410]"
"ENSMUSG00000026471",6.74976333313122,-2.75719515737923,0.999847262948444,-2.75761634756948,0.00582244889011826,0.0192700312279374,"Mr1","1","protein_coding","major histocompatibility complex, class I-related [Source:MGI Symbol;Acc:MGI:1195463]"
"ENSMUSG00000007682",8.85168810096478,2.49978498683998,0.909545882169048,2.74838799872151,0.00598890920492044,0.0197500023690676,"Dio2","12","protein_coding","deiodinase, iodothyronine, type II [Source:MGI Symbol;Acc:MGI:1338833]"
"ENSMUSG00000026649",8.09058625200528,-2.31632000028325,0.843533028019061,-2.74597428120018,0.00603314930001522,0.0198736656606758,"Cfap126","1","protein_coding","cilia and flagella associated protein 126 [Source:MGI Symbol;Acc:MGI:1922722]"
"ENSMUSG00000078350",5.10916433848995,3.35335032448638,1.22132973317637,2.74565519318453,0.00603901972109501,0.0198841165308603,"Smim1","4","protein_coding","small integral membrane protein 1 [Source:MGI Symbol;Acc:MGI:1916109]"
"ENSMUSG00000022367",7.36535011817695,-2.6092516040303,0.950981979252125,-2.74374453034565,0.006074278920543,0.0199778995019465,"Has2","15","protein_coding","hyaluronan synthase 2 [Source:MGI Symbol;Acc:MGI:107821]"
"ENSMUSG00000107167",16.4051339386262,-1.67529614392692,0.61303833037403,-2.7327755230326,0.00628031190916414,0.0205546354025285,"Gm34653","2","protein_coding","predicted gene, 34653 [Source:MGI Symbol;Acc:MGI:5593812]"
"ENSMUSG00000064194",5.21795685507309,-3.2349497565708,1.19151765421883,-2.71498264848763,0.00662792429935345,0.021539292790293,"Zfp936","7","protein_coding","zinc finger protein 936 [Source:MGI Symbol;Acc:MGI:3642994]"
"ENSMUSG00000038777",9.24626265444789,2.25587419215778,0.833743789632942,2.70571633661095,0.00681572379643964,0.0220572084485876,"Sema6c","3","protein_coding","sema domain, transmembrane domain (TM), and cytoplasmic domain, (semaphorin) 6C [Source:MGI Symbol;Acc:MGI:1338032]"
"ENSMUSG00000108427",4.64983754301786,-3.64481153249515,1.34778134488337,-2.70430477935616,0.00684474761789692,0.0221365565237864,"Gm36696","7","antisense","predicted gene, 36696 [Source:MGI Symbol;Acc:MGI:5595855]"
"ENSMUSG00000022586",12.61411752524,-1.76042040246642,0.652052713586483,-2.69981301478462,0.0069378457114562,0.0223738314663259,"Ly6i","15","protein_coding","lymphocyte antigen 6 complex, locus I [Source:MGI Symbol;Acc:MGI:1888480]"
"ENSMUSG00000092178",21.8359817851878,1.67916118291486,0.621977439902453,2.69971396901182,0.00693991132911206,0.0223755977476905,"Gm45351","7","lincRNA","predicted gene 45351 [Source:MGI Symbol;Acc:MGI:5791187]"
"ENSMUSG00000092224",6.28104597689193,-2.69000816976926,0.998200952289738,-2.69485634490605,0.00704189838869937,0.0226351121124765,"Gm8815","17","unprocessed_pseudogene","predicted gene 8815 [Source:MGI Symbol;Acc:MGI:3648635]"
"ENSMUSG00000108852",22.9113814301339,1.27170664717988,0.473030365733461,2.68842497079025,0.00717899668952966,0.0230205765064948,"Gm44911","8","processed_pseudogene","predicted gene 44911 [Source:MGI Symbol;Acc:MGI:5753487]"
"ENSMUSG00000089849",34.8316351202387,-1.06515637442066,0.398030193415745,-2.67606928328702,0.00744912443722884,0.0237267811860826,"Runx2os2","17","antisense","runt related transcription factor 2, opposite strand 2 [Source:MGI Symbol;Acc:MGI:1926132]"
"ENSMUSG00000040003",33.5102621799872,-1.08713491394893,0.406753345215734,-2.67271290263718,0.00752406131736144,0.0239110246134075,"Magi2","5","protein_coding","membrane associated guanylate kinase, WW and PDZ domain containing 2 [Source:MGI Symbol;Acc:MGI:1354953]"
"ENSMUSG00000044103",7.94659071322541,-2.67564782017307,1.00221255093604,-2.66974088248454,0.00759098022391044,0.0240849417737115,"Il1f9","2","protein_coding","interleukin 1 family, member 9 [Source:MGI Symbol;Acc:MGI:2449929]"
"ENSMUSG00000094497",54.0111816341138,1.00953517925048,0.378238654542318,2.66904285727237,0.00760677434072092,0.0241298602445808,"Gm8210","1","processed_pseudogene","predicted pseudogene 8210 [Source:MGI Symbol;Acc:MGI:3643593]"
"ENSMUSG00000032776",15.8928210718306,-1.88797692451981,0.708680709537297,-2.66407269043979,0.00772008785532817,0.0244388383180453,"Mctp2","7","protein_coding","multiple C2 domains, transmembrane 2 [Source:MGI Symbol;Acc:MGI:2685335]"
"ENSMUSG00000041247",10.6516625612671,1.85426477034489,0.698172307758521,2.65588415601586,0.00791007819536411,0.0249898119755384,"Lamp3","16","protein_coding","lysosomal-associated membrane protein 3 [Source:MGI Symbol;Acc:MGI:2441659]"
"ENSMUSG00000033837",4.78393079618872,-3.71639780255332,1.39973487205476,-2.65507266893893,0.00792913252733461,0.0250392764750299,"Foxh1","15","protein_coding","forkhead box H1 [Source:MGI Symbol;Acc:MGI:1347465]"
"ENSMUSG00000092312",30.7040301120677,-1.0904795610831,0.411087144247772,-2.65267249618939,0.00798573124044424,0.0251802490300296,"Zfp419","7","unprocessed_pseudogene","zinc finger protein 419 [Source:MGI Symbol;Acc:MGI:3643847]"
"ENSMUSG00000087231",21.9737384066349,-1.24935664739139,0.473025213688996,-2.64120518576165,0.00826116705881543,0.0259101837476592,"E230016M11Rik","6","processed_transcript","RIKEN cDNA E230016M11 gene [Source:MGI Symbol;Acc:MGI:2443524]"
"ENSMUSG00000079049",7.72905895040769,-2.22244291166624,0.843924690663127,-2.63346117995424,0.00845194969484125,0.026418615447764,"Serpinb1c","13","protein_coding","serine (or cysteine) peptidase inhibitor, clade B, member 1c [Source:MGI Symbol;Acc:MGI:2445363]"
"ENSMUSG00000105977",12.5723738470663,1.75333993508604,0.666115741344182,2.6321851087739,0.00848376258127221,0.0265011960607191,"Gm43555","3","processed_pseudogene","predicted gene 43555 [Source:MGI Symbol;Acc:MGI:5663692]"
"ENSMUSG00000073409",31.1219632392202,-1.07531485231829,0.40871519865754,-2.63096370247609,0.00851431290451971,0.0265704378204612,"H2-Q6","17","protein_coding","histocompatibility 2, Q region locus 6 [Source:MGI Symbol;Acc:MGI:95935]"
"ENSMUSG00000054893",12.6237151624271,1.85437876450366,0.705786482532746,2.62739342619477,0.00860417894186974,0.0268091739129364,"Zfp667","7","protein_coding","zinc finger protein 667 [Source:MGI Symbol;Acc:MGI:2442757]"
"ENSMUSG00000002032",7.52400050712323,2.29457683130469,0.878522909023753,2.61185770767721,0.00900517260276379,0.0278993798523205,"Tmem25","9","protein_coding","transmembrane protein 25 [Source:MGI Symbol;Acc:MGI:1918937]"
"ENSMUSG00000061482",28.2600137609851,1.13804314510712,0.438366671129986,2.59609870014426,0.00942889758059435,0.0290533819472285,"Hist1h4d","13","protein_coding","histone cluster 1, H4d [Source:MGI Symbol;Acc:MGI:2448423]"
"ENSMUSG00000096795",27.7155387981142,-1.13795258889703,0.438589451250511,-2.59457354857142,0.00947083478977825,0.0291521352341034,"Zfp433","10","protein_coding","zinc finger protein 433 [Source:MGI Symbol;Acc:MGI:1920860]"
"ENSMUSG00000066684",13.5435023064084,-1.77515509660905,0.686580304786721,-2.58550250310557,0.00972371667761715,0.0298295680203806,"Pilrb1","5","protein_coding","paired immunoglobin-like type 2 receptor beta 1 [Source:MGI Symbol;Acc:MGI:2450532]"
"ENSMUSG00000095742",143.00408676872,-1.34928180864158,0.521952738710835,-2.5850650999057,0.00973606126809791,0.0298500996574524,"CAAA01147332.1","JH584295.1","protein_coding",""
"ENSMUSG00000049526",5.18458352731598,-3.1543782301201,1.22185159288313,-2.58163777703714,0.00983327323572041,0.0300980649434706,"Tmem202","9","protein_coding","transmembrane protein 202 [Source:MGI Symbol;Acc:MGI:1921143]"
"ENSMUSG00000021680",13.467166368635,-1.55388222228432,0.60442341202836,-2.57085048553912,0.0101449114899851,0.0309279010107453,"Crhbp","13","protein_coding","corticotropin releasing hormone binding protein [Source:MGI Symbol;Acc:MGI:88497]"
"ENSMUSG00000058589",22.0633213175242,-1.31475189279017,0.511970746011303,-2.56802151887237,0.0102280806510817,0.0311448330670514,"Anks1b","10","protein_coding","ankyrin repeat and sterile alpha motif domain containing 1B [Source:MGI Symbol;Acc:MGI:1924781]"
"ENSMUSG00000035818",8.96141226494844,-2.11440256485243,0.823488470336834,-2.56761647675233,0.0102400380775201,0.0311748040687161,"Plekhs1","19","protein_coding","pleckstrin homology domain containing, family S member 1 [Source:MGI Symbol;Acc:MGI:2443041]"
"ENSMUSG00000106807",30.9052742125578,-1.0518861122879,0.409786826401755,-2.56691051180017,0.0102609089271814,0.0312190007214823,"Gm10441","5","antisense","predicted gene 10441 [Source:MGI Symbol;Acc:MGI:3641801]"
"ENSMUSG00000072421",25.3358203243863,-1.26793867188608,0.495219301856549,-2.56035794067932,0.0104564403666565,0.0317026712144969,"Gm10357","13","processed_pseudogene","predicted gene 10357 [Source:MGI Symbol;Acc:MGI:3641865]"
"ENSMUSG00000035910",10.3756936459621,-2.03018936475303,0.79344718552021,-2.55869502318793,0.0105065869430502,0.0318350664188086,"Dcdc2a","13","protein_coding","doublecortin domain containing 2a [Source:MGI Symbol;Acc:MGI:2652818]"
"ENSMUSG00000026303",6.78337062222238,2.31431377002125,0.905588099849377,2.55559207371009,0.0106007311467226,0.0320896587505793,"Mlph","1","protein_coding","melanophilin [Source:MGI Symbol;Acc:MGI:2176380]"
"ENSMUSG00000042453",13.9736707963521,1.52107556094947,0.5972789538012,2.5466753035061,0.0108754571974812,0.0328514578991947,"Reln","5","protein_coding","reelin [Source:MGI Symbol;Acc:MGI:103022]"
"ENSMUSG00000001988",20.4815927941174,1.295363566499,0.509998530275484,2.53993588138242,0.0110872793013782,0.0334023266261224,"Npas1","7","protein_coding","neuronal PAS domain protein 1 [Source:MGI Symbol;Acc:MGI:109205]"
"ENSMUSG00000112168",5.48149755200748,-2.82752159580967,1.11471590053924,-2.53654011254515,0.011195391619979,0.0336867254276608,"Gm34776","10","lincRNA","predicted gene, 34776 [Source:MGI Symbol;Acc:MGI:5593935]"
"ENSMUSG00000031881",12.1183557174348,-1.96257716728373,0.774927635921798,-2.53259411112521,0.0113221971927868,0.0340266073025219,"Cdh16","8","protein_coding","cadherin 16 [Source:MGI Symbol;Acc:MGI:106671]"
"ENSMUSG00000114759",17.0191238244536,-1.53524229094052,0.606738052122895,-2.53032142218362,0.0113958078315955,0.0342059872216552,"Gm10257","13","processed_pseudogene","predicted gene 10257 [Source:MGI Symbol;Acc:MGI:3644245]"
"ENSMUSG00000032766",4.22416029212667,3.52887125696026,1.4018903926283,2.51722336889994,0.0118283813819471,0.0353245887259486,"Gng11","6","protein_coding","guanine nucleotide binding protein (G protein), gamma 11 [Source:MGI Symbol;Acc:MGI:1913316]"
"ENSMUSG00000092216",23.0626801370353,-1.23838588951797,0.492572814201583,-2.51411741333165,0.0119330698249046,0.0355651804061703,"Gm19345","7","protein_coding","predicted gene, 19345 [Source:MGI Symbol;Acc:MGI:5011530]"
"ENSMUSG00000031780",13.152234205216,-1.84488513755553,0.736400008028401,-2.50527582488074,0.0122355933896655,0.0363345854466275,"Ccl17","8","protein_coding","chemokine (C-C motif) ligand 17 [Source:MGI Symbol;Acc:MGI:1329039]"
"ENSMUSG00000053141",16.4563051667918,-1.45497609333875,0.581217495781258,-2.50332466572261,0.012303262414481,0.0365061174017441,"Ptprt","2","protein_coding","protein tyrosine phosphatase, receptor type, T [Source:MGI Symbol;Acc:MGI:1321152]"
"ENSMUSG00000048424",6.59342093300698,2.48254462307485,0.992079262121747,2.50236520191488,0.0123366594474482,0.0365729019443028,"Ranbp3l","15","protein_coding","RAN binding protein 3-like [Source:MGI Symbol;Acc:MGI:2444654]"
"ENSMUSG00000052248",4.13186745645814,-3.47973460167251,1.39150740066331,-2.50069428305862,0.0123950125600025,0.036719228325361,"Zeb2os","2","antisense","zinc finger E-box binding homeobox 2, opposite strand [Source:MGI Symbol;Acc:MGI:3652108]"
"ENSMUSG00000031410",4.26695720457597,-3.54339586766552,1.41829097347654,-2.49835607356359,0.0124770796863731,0.0369104217653675,"Nxf7","X","protein_coding","nuclear RNA export factor 7 [Source:MGI Symbol;Acc:MGI:2159343]"
"ENSMUSG00000085456",20.9798837868916,1.18880053805654,0.477098048665322,2.49173213217324,0.0127121868699254,0.0374576191365558,"Gm15398","10","lincRNA","predicted gene 15398 [Source:MGI Symbol;Acc:MGI:3705254]"
"ENSMUSG00000089983",14.1302250675532,-1.49337540723576,0.601580447767935,-2.48242011983049,0.0130493321886008,0.038311134393978,"2010320O07Rik","18","processed_transcript","RIKEN cDNA 2010320O07 gene [Source:MGI Symbol;Acc:MGI:1917131]"
"ENSMUSG00000115426",6.04252870715131,-2.59242243176449,1.04494402208648,-2.48091991242563,0.0131043812462028,0.0384191893298082,"Gm19510","15","lincRNA","predicted gene, 19510 [Source:MGI Symbol;Acc:MGI:5011695]"
"ENSMUSG00000084081",4.13996667869754,-3.44485259764328,1.39005728057128,-2.47820909669818,0.013204373731143,0.0386738869800871,"Gm12057","11","processed_pseudogene","predicted gene 12057 [Source:MGI Symbol;Acc:MGI:3650030]"
"ENSMUSG00000033715",13.468029126747,-1.5268333347139,0.616980363295702,-2.47468708170559,0.013335295803266,0.0389706562582847,"Akr1c14","13","protein_coding","aldo-keto reductase family 1, member C14 [Source:MGI Symbol;Acc:MGI:2145458]"
"ENSMUSG00000073490",39.653880111002,-4.34017708382838,1.75389168338419,-2.47459813222551,0.0133386170797826,0.0389706562582847,"Ifi207","1","protein_coding","interferon activated gene 207 [Source:MGI Symbol;Acc:MGI:2138302]"
"ENSMUSG00000070690",10.9704404625847,-1.69807295042301,0.686694141202625,-2.47282283120856,0.0134050579791031,0.0391372469142323,"5830473C10Rik","5","protein_coding","RIKEN cDNA 5830473C10 gene [Source:MGI Symbol;Acc:MGI:1923342]"
"ENSMUSG00000028701",18.2999361147563,1.3678583730685,0.554439138046422,2.46710284178021,0.0136211230529875,0.0396973062325205,"Lurap1","4","protein_coding","leucine rich adaptor protein 1 [Source:MGI Symbol;Acc:MGI:1915325]"
"ENSMUSG00000115979",9.46315118970799,-2.07210688059643,0.839856266713086,-2.46721607341927,0.013616816204707,0.0396973062325205,"Gm49410","15","TEC","predicted gene, 49410 [Source:MGI Symbol;Acc:MGI:6155035]"
"ENSMUSG00000033061",10.3770732044736,-1.94536078796913,0.794470714860834,-2.44862491666529,0.0143402694858353,0.0415142447213034,"Resp18","1","protein_coding","regulated endocrine-specific protein 18 [Source:MGI Symbol;Acc:MGI:1098222]"
"ENSMUSG00000074665",14.5671397471839,-1.56971376654895,0.644615749611675,-2.43511544279607,0.0148870392921262,0.0428445619299554,"Bpifb4","2","protein_coding","BPI fold containing family B, member 4 [Source:MGI Symbol;Acc:MGI:2685852]"
"ENSMUSG00000097576",9.86489015292484,-1.79682961900076,0.739148378768091,-2.43094576219658,0.0150594687084386,0.0432395068623088,"D930030I03Rik","16","antisense","RIKEN cDNA D930030I03 gene [Source:MGI Symbol;Acc:MGI:2444245]"
"ENSMUSG00000069267",6.0478562501333,-2.61562730905302,1.07734783156558,-2.42783921071438,0.0151890755061003,0.043577688212422,"Hist1h3b","13","protein_coding","histone cluster 1, H3b [Source:MGI Symbol;Acc:MGI:2448319]"
"ENSMUSG00000087179",15.7576735560027,1.36539142568014,0.563634274685252,2.42247763666006,0.0154150745303846,0.0441316010200814,"Gm14230","2","lincRNA","predicted gene 14230 [Source:MGI Symbol;Acc:MGI:3652157]"
"ENSMUSG00000000731",4.72709769960655,-3.10265056478784,1.28328656554326,-2.41773789899716,0.0156173214767437,0.0446672362997048,"Aire","10","protein_coding","autoimmune regulator (autoimmune polyendocrinopathy candidiasis ectodermal dystrophy) [Source:MGI Symbol;Acc:MGI:1338803]"
"ENSMUSG00000040576",6.93364961659853,-2.54104481170571,1.05200523385043,-2.41542981911341,0.0157166509350199,0.0449338928303197,"Tmem270","5","protein_coding","transmembrane protein 270 [Source:MGI Symbol;Acc:MGI:1923879]"
"ENSMUSG00000094475",15.8927888375465,-1.59618368970109,0.661423710396217,-2.41325441560738,0.0158107788934095,0.0451679635015018,"Gm11007","2","protein_coding","predicted gene 11007 [Source:MGI Symbol;Acc:MGI:3779223]"
"ENSMUSG00000116508",26.7157269029824,-1.11234351585299,0.462689017383696,-2.40408454504238,0.0162130231822832,0.0461649941529915,"Gm49463","15","antisense","predicted gene, 49463 [Source:MGI Symbol;Acc:MGI:6155122]"
"ENSMUSG00000112949",18.2815480084524,1.31255036050703,0.545990066522894,2.40398212529017,0.0162175662391214,0.0461690119603879,"Gm21939","12","processed_pseudogene","predicted gene, 21939 [Source:MGI Symbol;Acc:MGI:5439390]"
"ENSMUSG00000050222",18.036870598913,1.40661995016777,0.585485945426139,2.40248286258003,0.0162841975515966,0.046313979569378,"Il17d","14","protein_coding","interleukin 17D [Source:MGI Symbol;Acc:MGI:2446510]"
"ENSMUSG00000097418",11.6067094882422,-1.60878704715551,0.670707624984876,-2.39864135612263,0.0164560235333525,0.0467035508096167,"Mir155hg","16","lincRNA","Mir155 host gene (non-protein coding) [Source:MGI Symbol;Acc:MGI:5477161]"
"ENSMUSG00000069307",8.68874298599609,1.84284292963778,0.76922883025498,2.39570184729935,0.0165885778225958,0.0470098361979988,"Hist1h2bq","13","protein_coding","histone cluster 1, H2bq [Source:MGI Symbol;Acc:MGI:3702051]"
"ENSMUSG00000076281",664.699408486585,-1.38804359331324,0.579393815506938,-2.39568244631464,0.0165894557968923,0.0470098361979988,"Gm24270","9","miRNA","predicted gene, 24270 [Source:MGI Symbol;Acc:MGI:5454047]"
"ENSMUSG00000018339",7.04898254322336,-2.24350787985978,0.93688143763313,-2.39465506492221,0.0166360073644697,0.0471145791661186,"Gpx3","11","protein_coding","glutathione peroxidase 3 [Source:MGI Symbol;Acc:MGI:105102]"
"ENSMUSG00000039488",5.60601729360362,-2.47842008095137,1.03523640297256,-2.39406194936236,0.0166629341527965,0.0471817734049892,"Cntn5","9","protein_coding","contactin 5 [Source:MGI Symbol;Acc:MGI:3042287]"
"ENSMUSG00000100658",4.77518082894449,-2.99155451160212,1.2507428571957,-2.39182218342585,0.0167649624721461,0.0474342249139934,"F730311O21Rik","1","lincRNA","RIKEN cDNA F730311O21 gene [Source:MGI Symbol;Acc:MGI:3643355]"
"ENSMUSG00000066491",7.95312594902403,2.03442722902016,0.850994360714915,2.39064713344405,0.0168187086893169,0.0475589074984118,"Cox6c2","12","processed_pseudogene","cytochrome c oxidase subunit 6C2 [Source:MGI Symbol;Acc:MGI:3649160]"
"ENSMUSG00000093594",20.5634195804727,-1.24508530976129,0.521279687895811,-2.38851683399977,0.0169165333150803,0.0477896929087005,"Gm20707","4","lincRNA","predicted gene 20707 [Source:MGI Symbol;Acc:MGI:5313154]"
"ENSMUSG00000001739",5.786770116811,2.52352700417711,1.05659399564519,2.38836015969992,0.016923747567361,0.0477952353181376,"Cldn15","5","protein_coding","claudin 15 [Source:MGI Symbol;Acc:MGI:1913103]"
"ENSMUSG00000016552",19.3001812859756,1.2743544251026,0.533574761149807,2.38833340309515,0.0169249798765808,0.0477952353181376,"Foxred2","15","protein_coding","FAD-dependent oxidoreductase domain containing 2 [Source:MGI Symbol;Acc:MGI:106315]"
"ENSMUSG00000103976",15.5425276658645,-1.32205714376518,0.554679181367774,-2.38346270812822,0.0171506220473934,0.0483583243306476,"Gm37677","1","TEC","predicted gene, 37677 [Source:MGI Symbol;Acc:MGI:5610905]"
"ENSMUSG00000076433",23.7126346152393,1.062256332426,0.445827792091177,2.38266063998261,0.0171880310308685,0.048454535365468,"Cep295nl","11","protein_coding","CEP295 N-terminal like [Source:MGI Symbol;Acc:MGI:1929713]"
"ENSMUSG00000024379",9.15345275512125,-2.05677560047663,0.863584508180704,-2.38167264580694,0.017234210101688,0.0485661424410214,"Tslp","18","protein_coding","thymic stromal lymphopoietin [Source:MGI Symbol;Acc:MGI:1855696]"
"ENSMUSG00000084133",11.7195399458336,1.5652071692796,0.657221785401678,2.38155095288417,0.0172399055773381,0.0485729067499123,"Gm12856","4","processed_pseudogene","predicted gene 12856 [Source:MGI Symbol;Acc:MGI:3649664]"
"ENSMUSG00000034112",28.5516149485488,-1.07215940532621,0.450711843944199,-2.37881346969651,0.01736846235512,0.0488510787210119,"Atp2c2","8","protein_coding","ATPase, Ca++ transporting, type 2C, member 2 [Source:MGI Symbol;Acc:MGI:1916297]"
"ENSMUSG00000016995",15.9341425062243,1.3929443224388,0.586226607247066,2.37611924334193,0.0174958077820683,0.0491623527478973,"Matn4","2","protein_coding","matrilin 4 [Source:MGI Symbol;Acc:MGI:1328314]"
"ENSMUSG00000081502",12.8009157212599,-1.59525704731687,0.672565766189483,-2.37189748201878,0.0176970002360008,0.0496519757287568,"Gm5646","X","unprocessed_pseudogene","predicted pseudogene 5646 [Source:MGI Symbol;Acc:MGI:3643220]"
"ENSMUSG00000078452",9.77294690278201,-1.80701178568721,0.76249677392416,-2.36986154890532,0.0177947473947791,0.0498977309009775,"Raet1d","10","protein_coding","retinoic acid early transcript delta [Source:MGI Symbol;Acc:MGI:1861032]"
